Economy_Label,SeafarerType_Label,Percentage_of_total_world_Value,Percentage_of_total_world_Footnote,Percentage_of_total_world_MissingValue,Absolute_value_Value,Absolute_value_Footnote,Absolute_value_MissingValue
"World","Officers",100,,,857544,,
"World","Ratings",100,,,1035181,,
"World","Total",100,,,1892725,,
"Albania","Officers",0.036,,,307,"Estimated by BIMCO/ICS based on estimates of seafarer demand",
"Albania","Ratings",0.051,,,529,"Estimated by BIMCO/ICS based on estimates of seafarer demand",
"Albania","Total",0.044,,,836,"Estimated by BIMCO/ICS based on estimates of seafarer demand",
"Algeria","Officers",0.065,,,560,"Estimated by BIMCO/ICS based on estimates of seafarer demand",
"Algeria","Ratings",0.084,,,874,"Estimated by BIMCO/ICS based on estimates of seafarer demand",
"Algeria","Total",0.076,,,1434,"Estimated by BIMCO/ICS based on estimates of seafarer demand",
"Angola","Officers",0.047,,,400,"Estimated by BIMCO/ICS based on estimates of seafarer demand",
"Angola","Ratings",0.063,,,655,"Estimated by BIMCO/ICS based on estimates of seafarer demand",
"Angola","Total",0.056,,,1055,"Estimated by BIMCO/ICS based on estimates of seafarer demand",
"Antigua and Barbuda","Officers",0.765,,,6560,"Estimated by BIMCO/ICS based on estimates of seafarer demand",
"Antigua and Barbuda","Ratings",0.879,,,9103,"Estimated by BIMCO/ICS based on estimates of seafarer demand",
"Antigua and Barbuda","Total",0.828,,,15663,"Estimated by BIMCO/ICS based on estimates of seafarer demand",
"Argentina","Officers",0.098,,,841,"Estimated by BIMCO/ICS based on estimates of seafarer demand",
"Argentina","Ratings",0.133,,,1381,"Estimated by BIMCO/ICS based on estimates of seafarer demand",
"Argentina","Total",0.117,,,2222,"Estimated by BIMCO/ICS based on estimates of seafarer demand",
"Australia","Officers",0.557,,,4779,"Estimated by BIMCO/ICS to be the same figure as in 2015",
"Australia","Ratings",0.283,,,2925,"Estimated by BIMCO/ICS to be the same figure as in 2015",
"Australia","Total",0.407,,,7704,"Estimated by BIMCO/ICS to be the same figure as in 2015",
"Austria","Officers",0,,,0,"Estimated by BIMCO/ICS based on estimates of seafarer demand",
"Austria","Ratings",0,,,0,"Estimated by BIMCO/ICS based on estimates of seafarer demand",
"Austria","Total",0,,,0,"Estimated by BIMCO/ICS based on estimates of seafarer demand",
"Azerbaijan","Officers",0.081,,,693,"Estimated by BIMCO/ICS to be the same figure as in 2010",
"Azerbaijan","Ratings",0.027,,,282,"Estimated by BIMCO/ICS to be the same figure as in 2010",
"Azerbaijan","Total",0.052,,,975,"Estimated by BIMCO/ICS to be the same figure as in 2010",
"Bahamas","Officers",0.014,,,124,"Estimated by BIMCO/ICS to be the same figure as in 2010",
"Bahamas","Ratings",0,,,0,"Estimated by BIMCO/ICS to be the same figure as in 2010",
"Bahamas","Total",0.007,,,124,"Estimated by BIMCO/ICS to be the same figure as in 2010",
"Bahrain","Officers",0.134,,,1147,"Estimated by BIMCO/ICS based on estimates of seafarer demand",
"Bahrain","Ratings",0.211,,,2183,"Estimated by BIMCO/ICS based on estimates of seafarer demand",
"Bahrain","Total",0.176,,,3330,"Estimated by BIMCO/ICS based on estimates of seafarer demand",
"Bangladesh","Officers",0.437,,,3746,"Estimated by BIMCO/ICS to be the same figure as in 2015",
"Bangladesh","Ratings",0.135,,,1401,"Estimated by BIMCO/ICS to be the same figure as in 2015",
"Bangladesh","Total",0.272,,,5147,"Estimated by BIMCO/ICS to be the same figure as in 2015",
"Barbados","Officers",0.19,,,1629,"Estimated by BIMCO/ICS based on estimates of seafarer demand",
"Barbados","Ratings",0.224,,,2317,"Estimated by BIMCO/ICS based on estimates of seafarer demand",
"Barbados","Total",0.208,,,3946,"Estimated by BIMCO/ICS based on estimates of seafarer demand",
"Belarus","Officers",0,,,0,"Estimated by BIMCO/ICS based on estimates of seafarer demand",
"Belarus","Ratings",0,,,0,"Estimated by BIMCO/ICS based on estimates of seafarer demand",
"Belarus","Total",0,,,0,"Estimated by BIMCO/ICS based on estimates of seafarer demand",
"Belgium","Officers",0.396,,,3394,,
"Belgium","Ratings",0.153,,,1586,,
"Belgium","Total",0.263,,,4980,,
"Belize","Officers",0.516,,,4427,"Estimated by BIMCO/ICS based on estimates of seafarer demand",
"Belize","Ratings",0.642,,,6645,"Estimated by BIMCO/ICS based on estimates of seafarer demand",
"Belize","Total",0.585,,,11072,"Estimated by BIMCO/ICS based on estimates of seafarer demand",
"Benin","Officers",0.001,,,6,"Estimated by BIMCO/ICS based on estimates of seafarer demand",
"Benin","Ratings",0.001,,,10,"Estimated by BIMCO/ICS based on estimates of seafarer demand",
"Benin","Total",0.001,,,16,"Estimated by BIMCO/ICS based on estimates of seafarer demand",
"Bolivia (Plurinational State of)","Officers",0,,,0,"Estimated by BIMCO/ICS to be the same figure as in 2015",
"Bolivia (Plurinational State of)","Ratings",0,,,0,"Estimated by BIMCO/ICS to be the same figure as in 2015",
"Bolivia (Plurinational State of)","Total",0,,,0,"Estimated by BIMCO/ICS to be the same figure as in 2015",
"Brazil","Officers",1.398,,,11987,,
"Brazil","Ratings",1.415,,,14644,,
"Brazil","Total",1.407,,,26631,,
"Brunei Darussalam","Officers",0.055,,,471,"Estimated by BIMCO/ICS based on estimates of seafarer demand",
"Brunei Darussalam","Ratings",0.085,,,876,"Estimated by BIMCO/ICS based on estimates of seafarer demand",
"Brunei Darussalam","Total",0.071,,,1347,"Estimated by BIMCO/ICS based on estimates of seafarer demand",
"Bulgaria","Officers",1.652,,,14168,,
"Bulgaria","Ratings",0.83,,,8594,,
"Bulgaria","Total",1.203,,,22762,,
"Cabo Verde","Officers",0.033,,,284,"Estimated by BIMCO/ICS based on estimates of seafarer demand",
"Cabo Verde","Ratings",0.041,,,425,"Estimated by BIMCO/ICS based on estimates of seafarer demand",
"Cabo Verde","Total",0.037,,,709,"Estimated by BIMCO/ICS based on estimates of seafarer demand",
"Cambodia","Officers",0.939,,,8053,"Estimated by BIMCO/ICS to be the same figure as in 2010",
"Cambodia","Ratings",1.16,,,12004,"Estimated by BIMCO/ICS to be the same figure as in 2010",
"Cambodia","Total",1.06,,,20057,"Estimated by BIMCO/ICS to be the same figure as in 2010",
"Cameroon","Officers",0.103,,,883,"Estimated by BIMCO/ICS based on estimates of seafarer demand",
"Cameroon","Ratings",0.127,,,1310,"Estimated by BIMCO/ICS based on estimates of seafarer demand",
"Cameroon","Total",0.116,,,2193,"Estimated by BIMCO/ICS based on estimates of seafarer demand",
"Canada","Officers",0.486,,,4168,"Estimated by BIMCO/ICS based on estimates of seafarer demand",
"Canada","Ratings",0.723,,,7484,"Estimated by BIMCO/ICS based on estimates of seafarer demand",
"Canada","Total",0.616,,,11652,"Estimated by BIMCO/ICS based on estimates of seafarer demand",
"Chile","Officers",0.457,,,3922,,
"Chile","Ratings",0.299,,,3095,,
"Chile","Total",0.371,,,7017,,
"China","Officers",8.089,,,69364,,
"China","Ratings",6.272,,,64930,,
"China","Total",7.095,,,134294,,
"China, Hong Kong SAR","Officers",0.088,,,757,"Estimated by BIMCO/ICS to be the same figure as in 2015",
"China, Hong Kong SAR","Ratings",0.006,,,67,"Estimated by BIMCO/ICS to be the same figure as in 2015",
"China, Hong Kong SAR","Total",0.044,,,824,"Estimated by BIMCO/ICS to be the same figure as in 2015",
"China, Taiwan Province of","Officers",0.367,,,3147,"Estimated by BIMCO/ICS based on estimates of seafarer demand",
"China, Taiwan Province of","Ratings",0.495,,,5121,"Estimated by BIMCO/ICS based on estimates of seafarer demand",
"China, Taiwan Province of","Total",0.437,,,8268,"Estimated by BIMCO/ICS based on estimates of seafarer demand",
"Colombia","Officers",0.135,,,1161,"Estimated by BIMCO/ICS based on estimates of seafarer demand",
"Colombia","Ratings",0.184,,,1900,"Estimated by BIMCO/ICS based on estimates of seafarer demand",
"Colombia","Total",0.162,,,3061,"Estimated by BIMCO/ICS based on estimates of seafarer demand",
"Comoros","Officers",0.196,,,1678,"Estimated by BIMCO/ICS based on estimates of seafarer demand",
"Comoros","Ratings",0.243,,,2511,"Estimated by BIMCO/ICS based on estimates of seafarer demand",
"Comoros","Total",0.221,,,4189,"Estimated by BIMCO/ICS based on estimates of seafarer demand",
"Congo","Officers",0.001,,,12,"Estimated by BIMCO/ICS based on estimates of seafarer demand",
"Congo","Ratings",0.002,,,20,"Estimated by BIMCO/ICS based on estimates of seafarer demand",
"Congo","Total",0.002,,,32,"Estimated by BIMCO/ICS based on estimates of seafarer demand",
"Congo, Dem. Rep. of the","Officers",0.006,,,52,"Estimated by BIMCO/ICS based on estimates of seafarer demand",
"Congo, Dem. Rep. of the","Ratings",0.007,,,70,"Estimated by BIMCO/ICS based on estimates of seafarer demand",
"Congo, Dem. Rep. of the","Total",0.006,,,122,"Estimated by BIMCO/ICS based on estimates of seafarer demand",
"Cook Islands","Officers",0.084,,,718,"Estimated by BIMCO/ICS based on estimates of seafarer demand",
"Cook Islands","Ratings",0.111,,,1144,"Estimated by BIMCO/ICS based on estimates of seafarer demand",
"Cook Islands","Total",0.098,,,1862,"Estimated by BIMCO/ICS based on estimates of seafarer demand",
"Costa Rica","Officers",0.007,,,64,"Estimated by BIMCO/ICS to be the same figure as in 2010",
"Costa Rica","Ratings",0.01,,,102,"Estimated by BIMCO/ICS to be the same figure as in 2010",
"Costa Rica","Total",0.009,,,166,"Estimated by BIMCO/ICS to be the same figure as in 2010",
"Cote d'Ivoire","Officers",0.005,,,40,"Estimated by BIMCO/ICS based on estimates of seafarer demand",
"Cote d'Ivoire","Ratings",0.006,,,58,"Estimated by BIMCO/ICS based on estimates of seafarer demand",
"Cote d'Ivoire","Total",0.005,,,98,"Estimated by BIMCO/ICS based on estimates of seafarer demand",
"Croatia","Officers",1.667,,,14291,"BIMCO/ICS uses 2018 data from European Maritime Safety Agency",
"Croatia","Ratings",0.599,,,6204,"BIMCO/ICS uses 2018 data from European Maritime Safety Agency",
"Croatia","Total",1.083,,,20495,"BIMCO/ICS uses 2018 data from European Maritime Safety Agency",
"Cuba","Officers",0.264,,,2263,"Estimated by BIMCO/ICS to be the same figure as in 2010",
"Cuba","Ratings",0.299,,,3093,"Estimated by BIMCO/ICS to be the same figure as in 2010",
"Cuba","Total",0.283,,,5356,"Estimated by BIMCO/ICS to be the same figure as in 2010",
"Cyprus","Officers",0.336,,,2883,,
"Cyprus","Ratings",0.004,,,43,,
"Cyprus","Total",0.155,,,2926,,
"Czechia","Officers",0.004,,,38,"BIMCO/ICS uses 2018 data from European Maritime Safety Agency",
"Czechia","Ratings",0,,,0,"BIMCO/ICS uses 2018 data from European Maritime Safety Agency",
"Czechia","Total",0.002,,,38,"BIMCO/ICS uses 2018 data from European Maritime Safety Agency",
"Denmark","Officers",0.856,,,7341,,
"Denmark","Ratings",1.818,,,18818,,
"Denmark","Total",1.382,,,26159,,
"Djibouti","Officers",0.026,,,226,"Estimated by BIMCO/ICS based on estimates of seafarer demand",
"Djibouti","Ratings",0.035,,,360,"Estimated by BIMCO/ICS based on estimates of seafarer demand",
"Djibouti","Total",0.031,,,586,"Estimated by BIMCO/ICS based on estimates of seafarer demand",
"Dominica","Officers",0.053,,,456,"Estimated by BIMCO/ICS based on estimates of seafarer demand",
"Dominica","Ratings",0.069,,,712,"Estimated by BIMCO/ICS based on estimates of seafarer demand",
"Dominica","Total",0.062,,,1168,"Estimated by BIMCO/ICS based on estimates of seafarer demand",
"Dominican Republic","Officers",0.009,,,76,"Estimated by BIMCO/ICS based on estimates of seafarer demand",
"Dominican Republic","Ratings",0.011,,,116,"Estimated by BIMCO/ICS based on estimates of seafarer demand",
"Dominican Republic","Total",0.01,,,192,"Estimated by BIMCO/ICS based on estimates of seafarer demand",
"Ecuador","Officers",0.329,,,2820,"Estimated by BIMCO/ICS based on estimates of seafarer demand",
"Ecuador","Ratings",0.591,,,6122,"Estimated by BIMCO/ICS based on estimates of seafarer demand",
"Ecuador","Total",0.472,,,8942,"Estimated by BIMCO/ICS based on estimates of seafarer demand",
"Egypt","Officers",0.297,,,2549,"Estimated by BIMCO/ICS based on estimates of seafarer demand",
"Egypt","Ratings",0.432,,,4472,"Estimated by BIMCO/ICS based on estimates of seafarer demand",
"Egypt","Total",0.371,,,7021,"Estimated by BIMCO/ICS based on estimates of seafarer demand",
"El Salvador","Officers",0,,,0,"Estimated by BIMCO/ICS based on estimates of seafarer demand",
"El Salvador","Ratings",0,,,0,"Estimated by BIMCO/ICS based on estimates of seafarer demand",
"El Salvador","Total",0,,,0,"Estimated by BIMCO/ICS based on estimates of seafarer demand",
"Equatorial Guinea","Officers",0.029,,,250,"Estimated by BIMCO/ICS based on estimates of seafarer demand",
"Equatorial Guinea","Ratings",0.039,,,400,"Estimated by BIMCO/ICS based on estimates of seafarer demand",
"Equatorial Guinea","Total",0.034,,,650,"Estimated by BIMCO/ICS based on estimates of seafarer demand",
"Eritrea","Officers",0,,,0,"Estimated by BIMCO/ICS based on estimates of seafarer demand",
"Eritrea","Ratings",0,,,0,"Estimated by BIMCO/ICS based on estimates of seafarer demand",
"Eritrea","Total",0,,,0,"Estimated by BIMCO/ICS based on estimates of seafarer demand",
"Estonia","Officers",0.298,,,2553,"BIMCO/ICS uses 2018 data from European Maritime Safety Agency",
"Estonia","Ratings",0.188,,,1945,"BIMCO/ICS uses 2018 data from European Maritime Safety Agency",
"Estonia","Total",0.238,,,4498,"BIMCO/ICS uses 2018 data from European Maritime Safety Agency",
"Ethiopia","Officers",0.014,,,116,"Estimated by BIMCO/ICS based on estimates of seafarer demand",
"Ethiopia","Ratings",0.015,,,159,"Estimated by BIMCO/ICS based on estimates of seafarer demand",
"Ethiopia","Total",0.015,,,275,"Estimated by BIMCO/ICS based on estimates of seafarer demand",
"Fiji","Officers",0.051,,,436,"Estimated by BIMCO/ICS based on estimates of seafarer demand",
"Fiji","Ratings",0.076,,,785,"Estimated by BIMCO/ICS based on estimates of seafarer demand",
"Fiji","Total",0.065,,,1221,"Estimated by BIMCO/ICS based on estimates of seafarer demand",
"Finland","Officers",0.564,,,4837,,
"Finland","Ratings",0.5,,,5174,,
"Finland","Total",0.529,,,10011,,
"France","Officers",1.574,,,13495,"BIMCO/ICS uses 2018 data from European Maritime Safety Agency",
"France","Ratings",0.234,,,2419,"BIMCO/ICS uses 2018 data from European Maritime Safety Agency",
"France","Total",0.841,,,15914,"BIMCO/ICS uses 2018 data from European Maritime Safety Agency",
"France, metropolitan","Officers",1.574,,,13495,"BIMCO/ICS uses 2018 data from European Maritime Safety Agency",
"France, metropolitan","Ratings",0.234,,,2419,"BIMCO/ICS uses 2018 data from European Maritime Safety Agency",
"France, metropolitan","Total",0.841,,,15914,"BIMCO/ICS uses 2018 data from European Maritime Safety Agency",
"Monaco","Officers",0,,,0,"Estimated by BIMCO/ICS based on estimates of seafarer demand",
"Monaco","Ratings",0,,,0,"Estimated by BIMCO/ICS based on estimates of seafarer demand",
"Monaco","Total",0,,,0,"Estimated by BIMCO/ICS based on estimates of seafarer demand",
"Gabon","Officers",0.065,,,560,"Estimated by BIMCO/ICS based on estimates of seafarer demand",
"Gabon","Ratings",0.088,,,910,"Estimated by BIMCO/ICS based on estimates of seafarer demand",
"Gabon","Total",0.078,,,1470,"Estimated by BIMCO/ICS based on estimates of seafarer demand",
"Gambia","Officers",0.003,,,26,"Estimated by BIMCO/ICS based on estimates of seafarer demand",
"Gambia","Ratings",0.005,,,51,"Estimated by BIMCO/ICS based on estimates of seafarer demand",
"Gambia","Total",0.004,,,77,"Estimated by BIMCO/ICS based on estimates of seafarer demand",
"Georgia","Officers",0.516,,,4422,,
"Georgia","Ratings",0.362,,,3749,,
"Georgia","Total",0.432,,,8171,,
"Germany","Officers",0.815,,,6990,,
"Germany","Ratings",0.507,,,5244,,
"Germany","Total",0.646,,,12234,,
"Ghana","Officers",0.004,,,38,"Estimated by BIMCO/ICS based on estimates of seafarer demand",
"Ghana","Ratings",0.006,,,60,"Estimated by BIMCO/ICS based on estimates of seafarer demand",
"Ghana","Total",0.005,,,98,"Estimated by BIMCO/ICS based on estimates of seafarer demand",
"Greece","Officers",3.157,,,27074,,
"Greece","Ratings",0.332,,,3433,,
"Greece","Total",1.612,,,30507,,
"Grenada","Officers",0.003,,,26,"Estimated by BIMCO/ICS based on estimates of seafarer demand",
"Grenada","Ratings",0.005,,,51,"Estimated by BIMCO/ICS based on estimates of seafarer demand",
"Grenada","Total",0.004,,,77,"Estimated by BIMCO/ICS based on estimates of seafarer demand",
"Guatemala","Officers",0,,,0,"Estimated by BIMCO/ICS based on estimates of seafarer demand",
"Guatemala","Ratings",0,,,0,"Estimated by BIMCO/ICS based on estimates of seafarer demand",
"Guatemala","Total",0,,,0,"Estimated by BIMCO/ICS based on estimates of seafarer demand",
"Guinea","Officers",0.004,,,37,"Estimated by BIMCO/ICS based on estimates of seafarer demand",
"Guinea","Ratings",0.005,,,52,"Estimated by BIMCO/ICS based on estimates of seafarer demand",
"Guinea","Total",0.005,,,89,"Estimated by BIMCO/ICS based on estimates of seafarer demand",
"Guinea-Bissau","Officers",0.01,,,83,"Estimated by BIMCO/ICS based on estimates of seafarer demand",
"Guinea-Bissau","Ratings",0.011,,,113,"Estimated by BIMCO/ICS based on estimates of seafarer demand",
"Guinea-Bissau","Total",0.01,,,196,"Estimated by BIMCO/ICS based on estimates of seafarer demand",
"Guyana","Officers",0.083,,,713,"Estimated by BIMCO/ICS based on estimates of seafarer demand",
"Guyana","Ratings",0.101,,,1047,"Estimated by BIMCO/ICS based on estimates of seafarer demand",
"Guyana","Total",0.093,,,1760,"Estimated by BIMCO/ICS based on estimates of seafarer demand",
"Haiti","Officers",0.005,,,42,"Estimated by BIMCO/ICS based on estimates of seafarer demand",
"Haiti","Ratings",0.005,,,56,"Estimated by BIMCO/ICS based on estimates of seafarer demand",
"Haiti","Total",0.005,,,98,"Estimated by BIMCO/ICS based on estimates of seafarer demand",
"Honduras","Officers",0.039,,,337,"Estimated by BIMCO/ICS based on estimates of seafarer demand",
"Honduras","Ratings",0.054,,,564,"Estimated by BIMCO/ICS based on estimates of seafarer demand",
"Honduras","Total",0.048,,,901,"Estimated by BIMCO/ICS based on estimates of seafarer demand",
"Hungary","Officers",0.005,,,40,"BIMCO/ICS uses 2018 data from European Maritime Safety Agency",
"Hungary","Ratings",0,,,0,"BIMCO/ICS uses 2018 data from European Maritime Safety Agency",
"Hungary","Total",0.002,,,40,"BIMCO/ICS uses 2018 data from European Maritime Safety Agency",
"Iceland","Officers",0.026,,,227,"BIMCO/ICS uses 2018 data from European Maritime Safety Agency",
"Iceland","Ratings",0.001,,,10,"BIMCO/ICS uses 2018 data from European Maritime Safety Agency",
"Iceland","Total",0.013,,,237,"BIMCO/ICS uses 2018 data from European Maritime Safety Agency",
"India","Officers",6.839,,,58645,,
"India","Ratings",5.297,,,54829,,
"India","Total",5.995,,,113474,,
"Indonesia","Officers",5.975,,,51237,"Estimated by BIMCO/ICS to be the same figure as in 2015",
"Indonesia","Ratings",8.932,,,92465,"Estimated by BIMCO/ICS to be the same figure as in 2015",
"Indonesia","Total",7.592,,,143702,"Estimated by BIMCO/ICS to be the same figure as in 2015",
"Iran (Islamic Republic of)","Officers",0.89,,,7631,"Estimated by BIMCO/ICS to be the same figure as in 2015",
"Iran (Islamic Republic of)","Ratings",0.968,,,10023,"Estimated by BIMCO/ICS to be the same figure as in 2015",
"Iran (Islamic Republic of)","Total",0.933,,,17654,"Estimated by BIMCO/ICS to be the same figure as in 2015",
"Iraq","Officers",0.016,,,137,"Estimated by BIMCO/ICS based on estimates of seafarer demand",
"Iraq","Ratings",0.022,,,230,"Estimated by BIMCO/ICS based on estimates of seafarer demand",
"Iraq","Total",0.019,,,367,"Estimated by BIMCO/ICS based on estimates of seafarer demand",
"Ireland","Officers",0.145,,,1242,,
"Ireland","Ratings",0,,,0,,
"Ireland","Total",0.066,,,1242,,
"Israel","Officers",0.023,,,200,"Estimated by BIMCO/ICS based on estimates of seafarer demand",
"Israel","Ratings",0.033,,,346,"Estimated by BIMCO/ICS based on estimates of seafarer demand",
"Israel","Total",0.029,,,546,"Estimated by BIMCO/ICS based on estimates of seafarer demand",
"Italy","Officers",0.362,,,3104,,
"Italy","Ratings",0.048,,,497,,
"Italy","Total",0.19,,,3601,,
"Jamaica","Officers",0.035,,,304,"Estimated by BIMCO/ICS based on estimates of seafarer demand",
"Jamaica","Ratings",0.05,,,513,"Estimated by BIMCO/ICS based on estimates of seafarer demand",
"Jamaica","Total",0.043,,,817,"Estimated by BIMCO/ICS based on estimates of seafarer demand",
"Japan","Officers",2.23,,,19119,"Estimated by BIMCO/ICS to be the same figure as in 2015",
"Japan","Ratings",0.612,,,6339,"Estimated by BIMCO/ICS to be the same figure as in 2015",
"Japan","Total",1.345,,,25458,"Estimated by BIMCO/ICS to be the same figure as in 2015",
"Jordan","Officers",0.034,,,293,"Estimated by BIMCO/ICS based on estimates of seafarer demand",
"Jordan","Ratings",0.052,,,538,"Estimated by BIMCO/ICS based on estimates of seafarer demand",
"Jordan","Total",0.044,,,831,"Estimated by BIMCO/ICS based on estimates of seafarer demand",
"Kazakhstan","Officers",0.061,,,524,"Estimated by BIMCO/ICS based on estimates of seafarer demand",
"Kazakhstan","Ratings",0.093,,,958,"Estimated by BIMCO/ICS based on estimates of seafarer demand",
"Kazakhstan","Total",0.078,,,1482,"Estimated by BIMCO/ICS based on estimates of seafarer demand",
"Kenya","Officers",0.002,,,19,"Estimated by BIMCO/ICS to be the same figure as in 2015",
"Kenya","Ratings",0.016,,,166,"Estimated by BIMCO/ICS to be the same figure as in 2015",
"Kenya","Total",0.01,,,185,"Estimated by BIMCO/ICS to be the same figure as in 2015",
"Kiribati","Officers",0.022,,,190,"Estimated by BIMCO/ICS based on estimates of seafarer demand",
"Kiribati","Ratings",0.027,,,284,"Estimated by BIMCO/ICS based on estimates of seafarer demand",
"Kiribati","Total",0.025,,,474,"Estimated by BIMCO/ICS based on estimates of seafarer demand",
"Korea, Dem. People's Rep. of","Officers",0.193,,,1651,"Estimated by BIMCO/ICS based on estimates of seafarer demand",
"Korea, Dem. People's Rep. of","Ratings",0.217,,,2251,"Estimated by BIMCO/ICS based on estimates of seafarer demand",
"Korea, Dem. People's Rep. of","Total",0.206,,,3902,"Estimated by BIMCO/ICS based on estimates of seafarer demand",
"Korea, Republic of","Officers",1.259,,,10793,"Estimated by BIMCO/ICS based on estimates of seafarer demand",
"Korea, Republic of","Ratings",1.654,,,17126,"Estimated by BIMCO/ICS based on estimates of seafarer demand",
"Korea, Republic of","Total",1.475,,,27919,"Estimated by BIMCO/ICS based on estimates of seafarer demand",
"Kuwait","Officers",0,,,0,"Estimated by BIMCO/ICS to be the same figure as in 2015",
"Kuwait","Ratings",0,,,0,"Estimated by BIMCO/ICS to be the same figure as in 2015",
"Kuwait","Total",0,,,0,"Estimated by BIMCO/ICS to be the same figure as in 2015",
"Latvia","Officers",0.644,,,5519,,
"Latvia","Ratings",0.248,,,2569,,
"Latvia","Total",0.427,,,8088,,
"Lebanon","Officers",0.028,,,240,"Estimated by BIMCO/ICS based on estimates of seafarer demand",
"Lebanon","Ratings",0.032,,,336,"Estimated by BIMCO/ICS based on estimates of seafarer demand",
"Lebanon","Total",0.03,,,576,"Estimated by BIMCO/ICS based on estimates of seafarer demand",
"Liberia","Officers",0.007,,,58,"Estimated by BIMCO/ICS to be the same figure as in 2015",
"Liberia","Ratings",0.058,,,604,"Estimated by BIMCO/ICS to be the same figure as in 2015",
"Liberia","Total",0.035,,,662,"Estimated by BIMCO/ICS to be the same figure as in 2015",
"Libya","Officers",0.041,,,355,"Estimated by BIMCO/ICS based on estimates of seafarer demand",
"Libya","Ratings",0.052,,,541,"Estimated by BIMCO/ICS based on estimates of seafarer demand",
"Libya","Total",0.047,,,896,"Estimated by BIMCO/ICS based on estimates of seafarer demand",
"Lithuania","Officers",0.242,,,2079,,
"Lithuania","Ratings",0.099,,,1026,,
"Lithuania","Total",0.164,,,3105,,
"Luxembourg","Officers",0.126,,,1078,"Estimated by BIMCO/ICS based on estimates of seafarer demand",
"Luxembourg","Ratings",0.185,,,1913,"Estimated by BIMCO/ICS based on estimates of seafarer demand",
"Luxembourg","Total",0.158,,,2991,"Estimated by BIMCO/ICS based on estimates of seafarer demand",
"Madagascar","Officers",0.023,,,194,"Estimated by BIMCO/ICS based on estimates of seafarer demand",
"Madagascar","Ratings",0.027,,,282,"Estimated by BIMCO/ICS based on estimates of seafarer demand",
"Madagascar","Total",0.025,,,476,"Estimated by BIMCO/ICS based on estimates of seafarer demand",
"Malawi","Officers",0,,,0,"Estimated by BIMCO/ICS based on estimates of seafarer demand",
"Malawi","Ratings",0,,,0,"Estimated by BIMCO/ICS based on estimates of seafarer demand",
"Malawi","Total",0,,,0,"Estimated by BIMCO/ICS based on estimates of seafarer demand",
"Malaysia","Officers",0.736,,,6313,"Estimated by BIMCO/ICS to be the same figure as in 2010",
"Malaysia","Ratings",2.771,,,28687,"Estimated by BIMCO/ICS to be the same figure as in 2010",
"Malaysia","Total",1.849,,,35000,"Estimated by BIMCO/ICS to be the same figure as in 2010",
"Maldives","Officers",0.046,,,391,"Estimated by BIMCO/ICS based on estimates of seafarer demand",
"Maldives","Ratings",0.059,,,614,"Estimated by BIMCO/ICS based on estimates of seafarer demand",
"Maldives","Total",0.053,,,1005,"Estimated by BIMCO/ICS based on estimates of seafarer demand",
"Malta","Officers",0.017,,,148,,
"Malta","Ratings",0.046,,,480,,
"Malta","Total",0.033,,,628,,
"Marshall Islands","Officers",0,,,1,"Estimated by BIMCO/ICS to be the same figure as in 2015",
"Marshall Islands","Ratings",0.001,,,7,"Estimated by BIMCO/ICS to be the same figure as in 2015",
"Marshall Islands","Total",0,,,8,"Estimated by BIMCO/ICS to be the same figure as in 2015",
"Mauritania","Officers",0.004,,,37,"Estimated by BIMCO/ICS based on estimates of seafarer demand",
"Mauritania","Ratings",0.005,,,52,"Estimated by BIMCO/ICS based on estimates of seafarer demand",
"Mauritania","Total",0.005,,,89,"Estimated by BIMCO/ICS based on estimates of seafarer demand",
"Mauritius","Officers",0.011,,,98,"Estimated by BIMCO/ICS to be the same figure as in 2015",
"Mauritius","Ratings",0.064,,,665,"Estimated by BIMCO/ICS to be the same figure as in 2015",
"Mauritius","Total",0.04,,,763,"Estimated by BIMCO/ICS to be the same figure as in 2015",
"Mexico","Officers",0.531,,,4552,"Estimated by BIMCO/ICS to be the same figure as in 2015",
"Mexico","Ratings",0.137,,,1419,"Estimated by BIMCO/ICS to be the same figure as in 2015",
"Mexico","Total",0.315,,,5971,"Estimated by BIMCO/ICS to be the same figure as in 2015",
"Micronesia (Federated States of)","Officers",0.011,,,92,"Estimated by BIMCO/ICS based on estimates of seafarer demand",
"Micronesia (Federated States of)","Ratings",0.017,,,174,"Estimated by BIMCO/ICS based on estimates of seafarer demand",
"Micronesia (Federated States of)","Total",0.014,,,266,"Estimated by BIMCO/ICS based on estimates of seafarer demand",
"Moldova, Republic of","Officers",0.122,,,1042,"Estimated by BIMCO/ICS based on estimates of seafarer demand",
"Moldova, Republic of","Ratings",0.143,,,1484,"Estimated by BIMCO/ICS based on estimates of seafarer demand",
"Moldova, Republic of","Total",0.133,,,2526,"Estimated by BIMCO/ICS based on estimates of seafarer demand",
"Mongolia","Officers",0.19,,,1628,"Estimated by BIMCO/ICS based on estimates of seafarer demand",
"Mongolia","Ratings",0.234,,,2427,"Estimated by BIMCO/ICS based on estimates of seafarer demand",
"Mongolia","Total",0.214,,,4055,"Estimated by BIMCO/ICS based on estimates of seafarer demand",
"Montenegro","Officers",0.026,,,224,"Estimated by BIMCO/ICS based on estimates of seafarer demand",
"Montenegro","Ratings",0.041,,,425,"Estimated by BIMCO/ICS based on estimates of seafarer demand",
"Montenegro","Total",0.034,,,649,"Estimated by BIMCO/ICS based on estimates of seafarer demand",
"Morocco","Officers",0.125,,,1069,"Estimated by BIMCO/ICS to be the same figure as in 2015",
"Morocco","Ratings",0.677,,,7012,"Estimated by BIMCO/ICS to be the same figure as in 2015",
"Morocco","Total",0.427,,,8081,"Estimated by BIMCO/ICS to be the same figure as in 2015",
"Mozambique","Officers",0.014,,,123,"Estimated by BIMCO/ICS based on estimates of seafarer demand",
"Mozambique","Ratings",0.018,,,189,"Estimated by BIMCO/ICS based on estimates of seafarer demand",
"Mozambique","Total",0.016,,,312,"Estimated by BIMCO/ICS based on estimates of seafarer demand",
"Myanmar","Officers",1.624,,,13923,,
"Myanmar","Ratings",1.871,,,19367,,
"Myanmar","Total",1.759,,,33290,,
"Namibia","Officers",0.004,,,33,"Estimated by BIMCO/ICS based on estimates of seafarer demand",
"Namibia","Ratings",0.005,,,56,"Estimated by BIMCO/ICS based on estimates of seafarer demand",
"Namibia","Total",0.005,,,89,"Estimated by BIMCO/ICS based on estimates of seafarer demand",
"Nauru","Officers",0.001,,,11,"Estimated by BIMCO/ICS based on estimates of seafarer demand",
"Nauru","Ratings",0.002,,,16,"Estimated by BIMCO/ICS based on estimates of seafarer demand",
"Nauru","Total",0.001,,,27,"Estimated by BIMCO/ICS based on estimates of seafarer demand",
"Netherlands (Kingdom of the)","Officers",1.127,,,9667,"BIMCO/ICS uses 2018 data from European Maritime Safety Agency",
"Netherlands (Kingdom of the)","Ratings",0,,,0,"BIMCO/ICS uses 2018 data from European Maritime Safety Agency",
"Netherlands (Kingdom of the)","Total",0.511,,,9667,"BIMCO/ICS uses 2018 data from European Maritime Safety Agency",
"New Zealand","Officers",0.187,,,1602,,
"New Zealand","Ratings",0.028,,,287,,
"New Zealand","Total",0.1,,,1889,,
"Nicaragua","Officers",0.001,,,11,"Estimated by BIMCO/ICS based on estimates of seafarer demand",
"Nicaragua","Ratings",0.002,,,16,"Estimated by BIMCO/ICS based on estimates of seafarer demand",
"Nicaragua","Total",0.001,,,27,"Estimated by BIMCO/ICS based on estimates of seafarer demand",
"Nigeria","Officers",1.044,,,8953,"Estimated by BIMCO/ICS based on estimates of seafarer demand",
"Nigeria","Ratings",1.609,,,16657,"Estimated by BIMCO/ICS based on estimates of seafarer demand",
"Nigeria","Total",1.353,,,25610,"Estimated by BIMCO/ICS based on estimates of seafarer demand",
"Niue","Officers",0.02,,,175,"Estimated by BIMCO/ICS based on estimates of seafarer demand",
"Niue","Ratings",0.025,,,259,"Estimated by BIMCO/ICS based on estimates of seafarer demand",
"Niue","Total",0.023,,,434,"Estimated by BIMCO/ICS based on estimates of seafarer demand",
"Norway","Officers",1.908,,,16366,"BIMCO/ICS uses 2018 data from European Maritime Safety Agency",
"Norway","Ratings",0.63,,,6521,"BIMCO/ICS uses 2018 data from European Maritime Safety Agency",
"Norway","Total",1.209,,,22887,"BIMCO/ICS uses 2018 data from European Maritime Safety Agency",
"Oman","Officers",0.021,,,182,"Estimated by BIMCO/ICS based on estimates of seafarer demand",
"Oman","Ratings",0.028,,,288,"Estimated by BIMCO/ICS based on estimates of seafarer demand",
"Oman","Total",0.025,,,470,"Estimated by BIMCO/ICS based on estimates of seafarer demand",
"Pakistan","Officers",0.331,,,2841,"Estimated by BIMCO/ICS to be the same figure as in 2010",
"Pakistan","Ratings",0.901,,,9327,"Estimated by BIMCO/ICS to be the same figure as in 2010",
"Pakistan","Total",0.643,,,12168,"Estimated by BIMCO/ICS to be the same figure as in 2010",
"Palau","Officers",0,,,0,"Estimated by BIMCO/ICS to be the same figure as in 2010",
"Palau","Ratings",0,,,0,"Estimated by BIMCO/ICS to be the same figure as in 2010",
"Palau","Total",0,,,0,"Estimated by BIMCO/ICS to be the same figure as in 2010",
"Panama","Officers",1.635,,,14022,"Estimated by BIMCO/ICS to be the same figure as in 2015",
"Panama","Ratings",1.074,,,11119,"Estimated by BIMCO/ICS to be the same figure as in 2015",
"Panama","Total",1.328,,,25141,"Estimated by BIMCO/ICS to be the same figure as in 2015",
"Papua New Guinea","Officers",0.056,,,482,,
"Papua New Guinea","Ratings",0.029,,,300,,
"Papua New Guinea","Total",0.041,,,782,,
"Paraguay","Officers",0.06,,,517,"Estimated by BIMCO/ICS based on estimates of seafarer demand",
"Paraguay","Ratings",0.076,,,789,"Estimated by BIMCO/ICS based on estimates of seafarer demand",
"Paraguay","Total",0.069,,,1306,"Estimated by BIMCO/ICS based on estimates of seafarer demand",
"Peru","Officers",0.13,,,1113,"Estimated by BIMCO/ICS to be the same figure as in 2015",
"Peru","Ratings",0.165,,,1711,"Estimated by BIMCO/ICS to be the same figure as in 2015",
"Peru","Total",0.149,,,2824,"Estimated by BIMCO/ICS to be the same figure as in 2015",
"Philippines","Officers",9.456,,,81090,"Estimated based on survey response or demand and adjusted by BIMCO/ICS",
"Philippines","Ratings",16.548,,,171303,"Estimated based on survey response or demand and adjusted by BIMCO/ICS",
"Philippines","Total",13.335,,,252393,"Estimated based on survey response or demand and adjusted by BIMCO/ICS",
"Poland","Officers",2.807,,,24070,,
"Poland","Ratings",0.691,,,7152,,
"Poland","Total",1.65,,,31222,,
"Portugal","Officers",0.083,,,715,,
"Portugal","Ratings",0.051,,,523,,
"Portugal","Total",0.065,,,1238,,
"Qatar","Officers",0.105,,,902,"Estimated by BIMCO/ICS based on estimates of seafarer demand",
"Qatar","Ratings",0.163,,,1689,"Estimated by BIMCO/ICS based on estimates of seafarer demand",
"Qatar","Total",0.137,,,2591,"Estimated by BIMCO/ICS based on estimates of seafarer demand",
"Romania","Officers",1.533,,,13149,"BIMCO/ICS uses 2018 data from European Maritime Safety Agency",
"Romania","Ratings",0.44,,,4559,"BIMCO/ICS uses 2018 data from European Maritime Safety Agency",
"Romania","Total",0.936,,,17708,"BIMCO/ICS uses 2018 data from European Maritime Safety Agency",
"Russian Federation","Officers",8.355,,,71652,"Estimated based on survey response or demand and adjusted by BIMCO/ICS",
"Russian Federation","Ratings",12.217,,,126471,"Estimated based on survey response or demand and adjusted by BIMCO/ICS",
"Russian Federation","Total",10.468,,,198123,"Estimated based on survey response or demand and adjusted by BIMCO/ICS",
"Saint Kitts and Nevis","Officers",0.196,,,1678,"Estimated by BIMCO/ICS based on estimates of seafarer demand",
"Saint Kitts and Nevis","Ratings",0.271,,,2805,"Estimated by BIMCO/ICS based on estimates of seafarer demand",
"Saint Kitts and Nevis","Total",0.237,,,4483,"Estimated by BIMCO/ICS based on estimates of seafarer demand",
"Saint Lucia","Officers",0,,,0,"Estimated by BIMCO/ICS based on estimates of seafarer demand",
"Saint Lucia","Ratings",0,,,0,"Estimated by BIMCO/ICS based on estimates of seafarer demand",
"Saint Lucia","Total",0,,,0,"Estimated by BIMCO/ICS based on estimates of seafarer demand",
"Saint Vincent and the Grenadines","Officers",0,,,0,"Estimated by BIMCO/ICS to be the same figure as in 2010",
"Saint Vincent and the Grenadines","Ratings",0,,,0,"Estimated by BIMCO/ICS to be the same figure as in 2010",
"Saint Vincent and the Grenadines","Total",0,,,0,"Estimated by BIMCO/ICS to be the same figure as in 2010",
"Samoa","Officers",0.002,,,21,"Estimated by BIMCO/ICS based on estimates of seafarer demand",
"Samoa","Ratings",0.003,,,28,"Estimated by BIMCO/ICS based on estimates of seafarer demand",
"Samoa","Total",0.003,,,49,"Estimated by BIMCO/ICS based on estimates of seafarer demand",
"San Marino","Officers",0,,,0,"Estimated by BIMCO/ICS based on estimates of seafarer demand",
"San Marino","Ratings",0,,,0,"Estimated by BIMCO/ICS based on estimates of seafarer demand",
"San Marino","Total",0,,,0,"Estimated by BIMCO/ICS based on estimates of seafarer demand",
"Sao Tome and Principe","Officers",0.026,,,225,"Estimated by BIMCO/ICS based on estimates of seafarer demand",
"Sao Tome and Principe","Ratings",0.032,,,332,"Estimated by BIMCO/ICS based on estimates of seafarer demand",
"Sao Tome and Principe","Total",0.029,,,557,"Estimated by BIMCO/ICS based on estimates of seafarer demand",
"Saudi Arabia","Officers",0.287,,,2461,"Estimated by BIMCO/ICS based on estimates of seafarer demand",
"Saudi Arabia","Ratings",0.386,,,3995,"Estimated by BIMCO/ICS based on estimates of seafarer demand",
"Saudi Arabia","Total",0.341,,,6456,"Estimated by BIMCO/ICS based on estimates of seafarer demand",
"Senegal","Officers",0.022,,,189,"Estimated by BIMCO/ICS based on estimates of seafarer demand",
"Senegal","Ratings",0.029,,,300,"Estimated by BIMCO/ICS based on estimates of seafarer demand",
"Senegal","Total",0.026,,,489,"Estimated by BIMCO/ICS based on estimates of seafarer demand",
"Serbia","Officers",0.002,,,16,,
"Serbia","Ratings",0,,,1,,
"Serbia","Total",0.001,,,17,,
"Seychelles","Officers",0.021,,,179,"Estimated by BIMCO/ICS based on estimates of seafarer demand",
"Seychelles","Ratings",0.032,,,333,"Estimated by BIMCO/ICS based on estimates of seafarer demand",
"Seychelles","Total",0.027,,,512,"Estimated by BIMCO/ICS based on estimates of seafarer demand",
"Sierra Leone","Officers",0.461,,,3953,"Estimated by BIMCO/ICS based on estimates of seafarer demand",
"Sierra Leone","Ratings",0.544,,,5633,"Estimated by BIMCO/ICS based on estimates of seafarer demand",
"Sierra Leone","Total",0.506,,,9586,"Estimated by BIMCO/ICS based on estimates of seafarer demand",
"Singapore","Officers",0.693,,,5940,,
"Singapore","Ratings",0.006,,,60,,
"Singapore","Total",0.317,,,6000,,
"Slovakia","Officers",0.01,,,85,"BIMCO/ICS uses 2018 data from European Maritime Safety Agency",
"Slovakia","Ratings",0.003,,,27,"BIMCO/ICS uses 2018 data from European Maritime Safety Agency",
"Slovakia","Total",0.006,,,112,"BIMCO/ICS uses 2018 data from European Maritime Safety Agency",
"Slovenia","Officers",0.044,,,374,"BIMCO/ICS uses 2018 data from European Maritime Safety Agency",
"Slovenia","Ratings",0,,,0,"BIMCO/ICS uses 2018 data from European Maritime Safety Agency",
"Slovenia","Total",0.02,,,374,"BIMCO/ICS uses 2018 data from European Maritime Safety Agency",
"Solomon Islands","Officers",0.024,,,208,"Estimated by BIMCO/ICS to be the same figure as in 2015",
"Solomon Islands","Ratings",0.125,,,1294,"Estimated by BIMCO/ICS to be the same figure as in 2015",
"Solomon Islands","Total",0.079,,,1502,"Estimated by BIMCO/ICS to be the same figure as in 2015",
"Somalia","Officers",0,,,0,"Estimated by BIMCO/ICS to be the same figure as in 2010",
"Somalia","Ratings",0.005,,,56,"Estimated by BIMCO/ICS to be the same figure as in 2010",
"Somalia","Total",0.003,,,56,"Estimated by BIMCO/ICS to be the same figure as in 2010",
"South Africa","Officers",0.232,,,1986,"Estimated by BIMCO/ICS to be the same figure as in 2015",
"South Africa","Ratings",0.101,,,1044,"Estimated by BIMCO/ICS to be the same figure as in 2015",
"South Africa","Total",0.16,,,3030,"Estimated by BIMCO/ICS to be the same figure as in 2015",
"Spain","Officers",1.441,,,12355,"BIMCO/ICS uses 2018 data from European Maritime Safety Agency",
"Spain","Ratings",1.172,,,12132,"BIMCO/ICS uses 2018 data from European Maritime Safety Agency",
"Spain","Total",1.294,,,24487,"BIMCO/ICS uses 2018 data from European Maritime Safety Agency",
"Sri Lanka","Officers",0.266,,,2282,"Estimated by BIMCO/ICS to be the same figure as in 2010",
"Sri Lanka","Ratings",1.885,,,19511,"Estimated by BIMCO/ICS to be the same figure as in 2010",
"Sri Lanka","Total",1.151,,,21793,"Estimated by BIMCO/ICS to be the same figure as in 2010",
"Sudan","Officers",0.005,,,40,"Estimated by BIMCO/ICS based on estimates of seafarer demand",
"Sudan","Ratings",0.006,,,59,"Estimated by BIMCO/ICS based on estimates of seafarer demand",
"Sudan","Total",0.005,,,99,"Estimated by BIMCO/ICS based on estimates of seafarer demand",
"Suriname","Officers",0.005,,,44,"Estimated by BIMCO/ICS based on estimates of seafarer demand",
"Suriname","Ratings",0.006,,,62,"Estimated by BIMCO/ICS based on estimates of seafarer demand",
"Suriname","Total",0.006,,,106,"Estimated by BIMCO/ICS based on estimates of seafarer demand",
"Sweden","Officers",0.691,,,5922,,
"Sweden","Ratings",0.638,,,6605,,
"Sweden","Total",0.662,,,12527,,
"Switzerland, Liechtenstein","Officers",0,,,1,,
"Switzerland, Liechtenstein","Ratings",0,,,0,,
"Switzerland, Liechtenstein","Total",0,,,1,,
"Switzerland","Officers",0,,,1,,
"Switzerland","Ratings",0,,,0,,
"Switzerland","Total",0,,,1,,
"Syrian Arab Republic","Officers",0.014,,,121,"Estimated by BIMCO/ICS based on estimates of seafarer demand",
"Syrian Arab Republic","Ratings",0.02,,,202,"Estimated by BIMCO/ICS based on estimates of seafarer demand",
"Syrian Arab Republic","Total",0.017,,,323,"Estimated by BIMCO/ICS based on estimates of seafarer demand",
"Tanzania, United Republic of","Officers",0.202,,,1728,"Estimated by BIMCO/ICS based on estimates of seafarer demand",
"Tanzania, United Republic of","Ratings",0.255,,,2637,"Estimated by BIMCO/ICS based on estimates of seafarer demand",
"Tanzania, United Republic of","Total",0.231,,,4365,"Estimated by BIMCO/ICS based on estimates of seafarer demand",
"Thailand","Officers",0.716,,,6137,"Estimated by BIMCO/ICS based on estimates of seafarer demand",
"Thailand","Ratings",0.922,,,9545,"Estimated by BIMCO/ICS based on estimates of seafarer demand",
"Thailand","Total",0.829,,,15682,"Estimated by BIMCO/ICS based on estimates of seafarer demand",
"Togo","Officers",0.041,,,350,"Estimated by BIMCO/ICS to be the same figure as in 2010",
"Togo","Ratings",0.046,,,478,"Estimated by BIMCO/ICS to be the same figure as in 2010",
"Togo","Total",0.044,,,828,"Estimated by BIMCO/ICS to be the same figure as in 2010",
"Tonga","Officers",0.009,,,79,"Estimated by BIMCO/ICS based on estimates of seafarer demand",
"Tonga","Ratings",0.012,,,124,"Estimated by BIMCO/ICS based on estimates of seafarer demand",
"Tonga","Total",0.011,,,203,"Estimated by BIMCO/ICS based on estimates of seafarer demand",
"Trinidad and Tobago","Officers",0.089,,,760,"Estimated by BIMCO/ICS based on estimates of seafarer demand",
"Trinidad and Tobago","Ratings",0.149,,,1545,"Estimated by BIMCO/ICS based on estimates of seafarer demand",
"Trinidad and Tobago","Total",0.122,,,2305,"Estimated by BIMCO/ICS based on estimates of seafarer demand",
"Tunisia","Officers",0.048,,,414,"Estimated by BIMCO/ICS based on estimates of seafarer demand",
"Tunisia","Ratings",0.063,,,655,"Estimated by BIMCO/ICS based on estimates of seafarer demand",
"Tunisia","Total",0.056,,,1069,"Estimated by BIMCO/ICS based on estimates of seafarer demand",
"Turkiye","Officers",1.23,,,10551,"Estimated by BIMCO/ICS based on estimates of seafarer demand",
"Turkiye","Ratings",1.742,,,18036,"Estimated by BIMCO/ICS based on estimates of seafarer demand",
"Turkiye","Total",1.51,,,28587,"Estimated by BIMCO/ICS based on estimates of seafarer demand",
"Turkmenistan","Officers",0.069,,,594,"Estimated by BIMCO/ICS based on estimates of seafarer demand",
"Turkmenistan","Ratings",0.104,,,1072,"Estimated by BIMCO/ICS based on estimates of seafarer demand",
"Turkmenistan","Total",0.088,,,1666,"Estimated by BIMCO/ICS based on estimates of seafarer demand",
"Tuvalu","Officers",0.143,,,1226,"Estimated by BIMCO/ICS based on estimates of seafarer demand",
"Tuvalu","Ratings",0.208,,,2158,"Estimated by BIMCO/ICS based on estimates of seafarer demand",
"Tuvalu","Total",0.179,,,3384,"Estimated by BIMCO/ICS based on estimates of seafarer demand",
"Uganda","Officers",0,,,0,"Estimated by BIMCO/ICS to be the same figure as in 2010",
"Uganda","Ratings",0,,,0,"Estimated by BIMCO/ICS to be the same figure as in 2010",
"Uganda","Total",0,,,0,"Estimated by BIMCO/ICS to be the same figure as in 2010",
"Ukraine","Officers",5.488,,,47059,"Estimated based on survey response or demand and adjusted by BIMCO/ICS",
"Ukraine","Ratings",2.838,,,29383,"Estimated based on survey response or demand and adjusted by BIMCO/ICS",
"Ukraine","Total",4.039,,,76442,"Estimated based on survey response or demand and adjusted by BIMCO/ICS",
"United Arab Emirates","Officers",0.326,,,2799,"Estimated by BIMCO/ICS based on estimates of seafarer demand",
"United Arab Emirates","Ratings",0.501,,,5188,"Estimated by BIMCO/ICS based on estimates of seafarer demand",
"United Arab Emirates","Total",0.422,,,7987,"Estimated by BIMCO/ICS based on estimates of seafarer demand",
"United Kingdom","Officers",2.881,,,24708,,
"United Kingdom","Ratings",0.873,,,9035,,
"United Kingdom","Total",1.783,,,33743,,
"United Kingdom excl. Channel Islands and Isle of Man","Officers",2.881,,,24708,,
"United Kingdom excl. Channel Islands and Isle of Man","Ratings",0.873,,,9035,,
"United Kingdom excl. Channel Islands and Isle of Man","Total",1.783,,,33743,,
"United States of America","Officers",2.384,,,20442,"Estimated by BIMCO/ICS based on estimates of seafarer demand",
"United States of America","Ratings",3.781,,,39144,"Estimated by BIMCO/ICS based on estimates of seafarer demand",
"United States of America","Total",3.148,,,59586,"Estimated by BIMCO/ICS based on estimates of seafarer demand",
"United States of America including Puerto Rico","Officers",2.384,,,20442,"Estimated by BIMCO/ICS based on estimates of seafarer demand",
"United States of America including Puerto Rico","Ratings",3.781,,,39144,"Estimated by BIMCO/ICS based on estimates of seafarer demand",
"United States of America including Puerto Rico","Total",3.148,,,59586,"Estimated by BIMCO/ICS based on estimates of seafarer demand",
"United States of America excluding Puerto Rico and United States Virgin Islands","Officers",2.384,,,20442,"Estimated by BIMCO/ICS based on estimates of seafarer demand",
"United States of America excluding Puerto Rico and United States Virgin Islands","Ratings",3.781,,,39144,"Estimated by BIMCO/ICS based on estimates of seafarer demand",
"United States of America excluding Puerto Rico and United States Virgin Islands","Total",3.148,,,59586,"Estimated by BIMCO/ICS based on estimates of seafarer demand",
"Uruguay","Officers",0.044,,,380,"Estimated by BIMCO/ICS based on estimates of seafarer demand",
"Uruguay","Ratings",0.064,,,662,"Estimated by BIMCO/ICS based on estimates of seafarer demand",
"Uruguay","Total",0.055,,,1042,"Estimated by BIMCO/ICS based on estimates of seafarer demand",
"Vanuatu","Officers",0.031,,,266,"Estimated by BIMCO/ICS to be the same figure as in 2010",
"Vanuatu","Ratings",0.05,,,520,"Estimated by BIMCO/ICS to be the same figure as in 2010",
"Vanuatu","Total",0.042,,,786,"Estimated by BIMCO/ICS to be the same figure as in 2010",
"Venezuela (Bolivarian Rep. of)","Officers",0.16,,,1372,"Estimated by BIMCO/ICS to be the same figure as in 2010",
"Venezuela (Bolivarian Rep. of)","Ratings",0.325,,,3363,"Estimated by BIMCO/ICS to be the same figure as in 2010",
"Venezuela (Bolivarian Rep. of)","Total",0.25,,,4735,"Estimated by BIMCO/ICS to be the same figure as in 2010",
"Viet Nam","Officers",1.62,,,13890,"Estimated by BIMCO/ICS based on estimates of seafarer demand",
"Viet Nam","Ratings",2,,,20700,"Estimated by BIMCO/ICS based on estimates of seafarer demand",
"Viet Nam","Total",1.828,,,34590,"Estimated by BIMCO/ICS based on estimates of seafarer demand",
"Yemen","Officers",0.014,,,116,"Estimated by BIMCO/ICS based on estimates of seafarer demand",
"Yemen","Ratings",0.016,,,168,"Estimated by BIMCO/ICS based on estimates of seafarer demand",
"Yemen","Total",0.015,,,284,"Estimated by BIMCO/ICS based on estimates of seafarer demand",
"Zambia","Officers",0,,,0,"Estimated by BIMCO/ICS based on estimates of seafarer demand",
"Zambia","Ratings",0,,,0,"Estimated by BIMCO/ICS based on estimates of seafarer demand",
"Zambia","Total",0,,,0,"Estimated by BIMCO/ICS based on estimates of seafarer demand",
"Zimbabwe","Officers",0,,,0,"Estimated by BIMCO/ICS based on estimates of seafarer demand",
"Zimbabwe","Ratings",0,,,0,"Estimated by BIMCO/ICS based on estimates of seafarer demand",
"Zimbabwe","Total",0,,,0,"Estimated by BIMCO/ICS based on estimates of seafarer demand",
