crew_change_id,plan_created_date,vessel_code,seafarer_id,rank,movement_type,origin_airport,connection_airport,destination_airport,number_of_connections,shortest_connection_minutes,scheduled_departure,scheduled_arrival,estimated_travel_cost_eur,joining_port,vessel_eta,reporting_deadline,port_transfer_minutes,port_agent_confirmed,vessel_eta_confidence,passport_country_code,passport_valid,visa_status,medical_valid,documents_verified,ticket_status,airport_delay_risk,weather_risk,route_complexity,arrival_buffer_minutes,risk_score,risk_level,risk_reasons,ai_risk_briefing,human_review_status,actual_outcome,actual_delay_minutes,crew_change_completed,additional_cost_eur,outcome_reason
CC-0001,2026-03-19,VSL-014,SEA-0029,Third Engineer,Joining,MNL,DOH,BRE,1,102,2026-03-28T02:00:00Z,2026-03-28T23:00:00Z,1185,DEBRV,2026-03-29T18:49:00Z,2026-03-29T11:49:00Z,75,True,High,PH,True,Verified,True,True,Ticketed,Low,Low,Medium,694,0,Low,No material risk factor identified under the prototype rules,,Not reviewed,On time,0,True,0,No disruption
CC-0002,2026-03-18,VSL-013,SEA-0011,Electrician,Joining,DEL,DXB,HAM,1,116,2026-03-31T04:15:00Z,2026-03-31T20:15:00Z,1394,DEHAM,2026-04-01T07:04:00Z,2026-04-01T00:04:00Z,45,True,Medium,IN,True,Verified,True,True,Reserved,Medium,Low,Medium,184,33,Medium,Arrival buffer below 4 hours: 184 minutes; Airport historical delay indicator: Medium,,Not reviewed,On time,0,True,0,No disruption
CC-0003,2026-06-06,VSL-003,SEA-0078,Bosun,Joining,BOM,IST,DXB,1,56,2026-07-07T09:15:00Z,2026-07-08T00:15:00Z,1039,AEDXB,2026-07-08T08:28:00Z,2026-07-08T06:28:00Z,45,True,High,IN,True,Verified,True,True,Ticketed,Medium,Low,High,328,48,Medium,Tight connection: 56 minutes; Arrival buffer between 4 and 8 hours: 328 minutes; Airport historical delay indicator: Medium,,Not reviewed,On time,0,True,0,No disruption
CC-0004,2026-06-09,VSL-015,SEA-0019,Chief Engineer,Joining,DEL,DXB,BRU,1,101,2026-07-11T22:30:00Z,2026-07-12T09:45:00Z,1363,BEANR,2026-07-12T18:37:00Z,2026-07-12T12:37:00Z,50,False,High,IN,True,Verified,True,True,Ticketed,Medium,Low,Medium,122,43,Medium,Arrival buffer below 4 hours: 122 minutes; Airport historical delay indicator: Medium; Port agent transfer not confirmed,,Not reviewed,Delayed but completed,138,True,350,Flight delay
CC-0005,2026-08-10,VSL-013,SEA-0077,Cook,Joining,DAC,CDG,SIN,1,154,2026-08-22T08:45:00Z,2026-08-23T01:00:00Z,1310,SGSIN,2026-08-23T13:26:00Z,2026-08-23T05:26:00Z,35,True,High,BD,True,Pending verification,True,False,Quoted,Low,Medium,Medium,231,50,High,Arrival buffer below 4 hours: 231 minutes; Visa/document status: Pending verification; Weather indicator: Medium,,Not reviewed,On time,0,True,0,No disruption
CC-0006,2026-06-22,VSL-017,SEA-0078,Second Officer,Joining,MNL,IST,SIN,1,113,2026-07-28T05:30:00Z,2026-07-28T18:00:00Z,1685,SGSIN,2026-07-29T06:30:00Z,2026-07-29T03:30:00Z,35,True,High,PH,True,Verified,True,True,Ticketed,Low,Medium,Medium,535,5,Low,Weather indicator: Medium,,Not reviewed,Rebooked,699,True,358,Severe weather
CC-0007,2026-05-30,VSL-018,SEA-0017,Chief Officer,Joining,DAC,CDG,AMS,1,45,2026-06-25T07:30:00Z,2026-06-26T01:30:00Z,1647,NLRTM,2026-06-26T12:09:00Z,2026-06-26T06:09:00Z,75,True,High,BD,True,Verified,True,True,Ticketed,High,Low,High,204,65,High,Tight connection: 45 minutes; Arrival buffer below 4 hours: 204 minutes; Airport historical delay indicator: High,,Not reviewed,On time,0,True,0,No disruption
CC-0008,2026-03-07,VSL-008,SEA-0001,Chief Officer,Joining,DEL,CDG,SIN,1,153,2026-04-11T03:15:00Z,2026-04-12T01:45:00Z,731,SGSIN,2026-04-12T16:38:00Z,2026-04-12T10:38:00Z,35,True,Medium,IN,True,Pending verification,True,False,Reserved,Low,Low,Medium,498,20,Low,Visa/document status: Pending verification,,Not reviewed,On time,0,True,0,No disruption
CC-0009,2026-04-26,VSL-012,SEA-0055,Third Engineer,Joining,MNL,DXB,BRU,1,63,2026-06-08T20:15:00Z,2026-06-09T12:00:00Z,795,BEANR,2026-06-09T20:59:00Z,2026-06-09T17:59:00Z,50,True,Medium,PH,True,Verified,True,True,Ticketed,Medium,Low,High,309,38,Medium,Short connection: 63 minutes; Arrival buffer between 4 and 8 hours: 309 minutes; Airport historical delay indicator: Medium,,Not reviewed,On time,0,True,0,No disruption
CC-0010,2026-04-07,VSL-018,SEA-0013,Chief Officer,Joining,CGK,IST,HAM,1,60,2026-05-18T04:30:00Z,2026-05-18T16:45:00Z,1633,DEHAM,2026-05-19T02:16:00Z,2026-05-18T22:16:00Z,45,True,Low,ID,True,Verified,True,True,Ticketed,Medium,Low,High,286,38,Medium,Short connection: 60 minutes; Arrival buffer between 4 and 8 hours: 286 minutes; Airport historical delay indicator: Medium,,Not reviewed,On time,0,True,0,No disruption
CC-0011,2026-05-01,VSL-016,SEA-0020,Second Officer,Joining,MNL,DOH,HAM,1,87,2026-05-18T22:45:00Z,2026-05-19T17:00:00Z,1647,DEHAM,2026-05-20T03:05:00Z,2026-05-20T02:05:00Z,45,True,High,PH,True,Verified,True,True,Ticketed,Medium,High,High,500,33,Medium,Short connection: 87 minutes; Airport historical delay indicator: Medium; Weather indicator: High,,Not reviewed,Delayed but completed,176,True,180,Flight delay
CC-0012,2026-03-02,VSL-008,SEA-0075,Bosun,Joining,DAC,IST,HAM,1,125,2026-03-12T02:00:00Z,2026-03-12T22:45:00Z,1461,DEHAM,2026-03-13T12:34:00Z,2026-03-13T09:34:00Z,45,True,Medium,BD,True,Manual specialist check,True,False,Ticketed,Medium,Low,Medium,604,33,Medium,Visa/document status: Manual specialist check; Airport historical delay indicator: Medium,,Not reviewed,On time,0,True,0,No disruption
CC-0013,2026-07-28,VSL-003,SEA-0069,Second Officer,Joining,CGK,CDG,ATH,1,125,2026-08-29T12:30:00Z,2026-08-30T03:00:00Z,1574,GRPIR,2026-08-30T14:34:00Z,2026-08-30T09:34:00Z,60,True,High,ID,True,Verified,True,True,Ticketed,Medium,Low,Medium,334,23,Low,Arrival buffer between 4 and 8 hours: 334 minutes; Airport historical delay indicator: Medium,,Not reviewed,Delayed but completed,34,True,180,Flight delay
CC-0014,2026-02-17,VSL-005,SEA-0035,Chief Engineer,Joining,MNL,DXB,OSL,1,117,2026-03-31T15:45:00Z,2026-04-01T11:15:00Z,822,NOOSL,2026-04-02T01:01:00Z,2026-04-02T00:01:00Z,50,False,High,PH,True,Verified,True,True,Ticketed,Low,Low,Medium,716,10,Low,Port agent transfer not confirmed,,Not reviewed,On time,0,True,0,No disruption
CC-0015,2026-05-10,VSL-004,SEA-0010,Cook,Joining,DEL,DXB,OSL,1,174,2026-06-03T20:30:00Z,2026-06-04T07:30:00Z,1432,NOOSL,2026-06-05T03:39:00Z,2026-06-04T20:39:00Z,50,True,Medium,IN,True,Verified,True,True,Ticketed,Low,Low,Medium,739,0,Low,No material risk factor identified under the prototype rules,,Not reviewed,Rebooked,939,True,702,Flight delay
CC-0016,2026-04-11,VSL-014,SEA-0080,Able Seafarer,Joining,DAC,,AMS,0,,2026-05-11T16:15:00Z,2026-05-12T02:30:00Z,912,NLRTM,2026-05-12T10:57:00Z,2026-05-12T05:57:00Z,75,False,Low,BD,True,Pending verification,True,False,Ticketed,High,Medium,Low,132,75,High,Arrival buffer below 4 hours: 132 minutes; Visa/document status: Pending verification; Airport historical delay indicator: High; Weather indicator: Medium; Port agent transfer not confirmed,,Not reviewed,Failed crew change,1742,False,1321,Severe weather
CC-0017,2026-02-11,VSL-015,SEA-0045,Second Engineer,Joining,DEL,DOH,BRU,1,150,2026-03-05T19:15:00Z,2026-03-06T17:45:00Z,1769,BEANR,2026-03-07T16:26:00Z,2026-03-07T09:26:00Z,50,True,Medium,IN,True,Verified,True,True,Reserved,Medium,Medium,Medium,891,13,Low,Airport historical delay indicator: Medium; Weather indicator: Medium,,Not reviewed,On time,0,True,0,No disruption
CC-0018,2026-03-09,VSL-009,SEA-0023,Bosun,Joining,DEL,,BRU,0,,2026-04-07T12:45:00Z,2026-04-07T22:15:00Z,578,BEANR,2026-04-08T06:46:00Z,2026-04-08T01:46:00Z,50,False,Low,IN,True,Verified,True,True,Quoted,Medium,Low,Low,161,43,Medium,Arrival buffer below 4 hours: 161 minutes; Airport historical delay indicator: Medium; Port agent transfer not confirmed,,Not reviewed,On time,0,True,0,No disruption
CC-0019,2026-04-20,VSL-011,SEA-0085,Able Seafarer,Joining,MNL,DXB,HAM,1,125,2026-05-24T17:00:00Z,2026-05-25T10:15:00Z,1061,DEHAM,2026-05-25T17:50:00Z,2026-05-25T16:50:00Z,45,True,Medium,PH,True,Verified,True,True,Ticketed,Medium,Medium,Medium,350,28,Medium,Arrival buffer between 4 and 8 hours: 350 minutes; Airport historical delay indicator: Medium; Weather indicator: Medium,,Not reviewed,Delayed but completed,216,True,180,Flight delay
CC-0020,2026-04-17,VSL-007,SEA-0056,Able Seafarer,Joining,DAC,FRA,CPH,1,128,2026-05-18T03:30:00Z,2026-05-18T22:45:00Z,1211,DKCPH,2026-05-19T11:01:00Z,2026-05-19T04:01:00Z,30,True,Medium,BD,True,Verified,True,True,Reserved,Medium,Medium,Medium,286,28,Medium,Arrival buffer between 4 and 8 hours: 286 minutes; Airport historical delay indicator: Medium; Weather indicator: Medium,,Not reviewed,On time,0,True,0,No disruption
CC-0021,2026-05-19,VSL-008,SEA-0061,Bosun,Joining,CMB,DOH,OSL,1,175,2026-05-31T21:15:00Z,2026-06-01T18:15:00Z,928,NOOSL,2026-06-02T07:25:00Z,2026-06-02T01:25:00Z,50,True,Medium,LK,True,Pending verification,True,False,Not requested,Low,Medium,Medium,380,40,Medium,Arrival buffer between 4 and 8 hours: 380 minutes; Visa/document status: Pending verification; Weather indicator: Medium,,Not reviewed,On time,0,True,0,No disruption
CC-0022,2026-07-11,VSL-018,SEA-0032,Cook,Joining,CMB,CDG,LCA,1,94,2026-07-18T11:45:00Z,2026-07-19T06:30:00Z,1627,CYLMS,2026-07-19T15:59:00Z,2026-07-19T12:59:00Z,50,False,High,LK,True,Pending verification,True,False,Ticketed,Low,Medium,Medium,339,50,High,Arrival buffer between 4 and 8 hours: 339 minutes; Visa/document status: Pending verification; Weather indicator: Medium; Port agent transfer not confirmed,,Not reviewed,Rebooked,360,True,1073,Severe weather
CC-0023,2026-07-08,VSL-017,SEA-0063,Bosun,Joining,CMB,CDG,AMS,1,126,2026-07-25T15:45:00Z,2026-07-26T12:30:00Z,1443,NLRTM,2026-07-27T08:36:00Z,2026-07-27T00:36:00Z,75,True,High,LK,True,Verified,True,True,Ticketed,High,Low,Medium,651,15,Low,Airport historical delay indicator: High,,Not reviewed,On time,0,True,0,No disruption
CC-0024,2026-04-16,VSL-014,SEA-0050,Cook,Joining,CGK,DXB,BRE,1,130,2026-05-02T01:00:00Z,2026-05-02T14:15:00Z,1106,DEBRV,2026-05-03T03:56:00Z,2026-05-02T20:56:00Z,75,True,High,ID,True,Verified,True,True,Reserved,Low,Low,Medium,326,15,Low,Arrival buffer between 4 and 8 hours: 326 minutes,,Not reviewed,On time,0,True,0,No disruption
CC-0025,2026-04-03,VSL-005,SEA-0080,Electrician,Joining,DAC,IST,HAM,1,135,2026-04-27T23:45:00Z,2026-04-28T17:00:00Z,1148,DEHAM,2026-04-29T07:34:00Z,2026-04-29T03:34:00Z,45,True,Low,BD,True,Verified,True,True,Ticketed,Medium,Low,Medium,589,8,Low,Airport historical delay indicator: Medium,,Not reviewed,On time,0,True,0,No disruption
CC-0026,2026-02-28,VSL-016,SEA-0003,Able Seafarer,Joining,DAC,IST,DXB,1,154,2026-03-27T08:45:00Z,2026-03-27T21:45:00Z,1471,AEDXB,2026-03-28T11:26:00Z,2026-03-28T04:26:00Z,45,True,High,BD,True,Verified,True,True,Ticketed,Medium,Low,Medium,356,23,Low,Arrival buffer between 4 and 8 hours: 356 minutes; Airport historical delay indicator: Medium,,Not reviewed,On time,0,True,0,No disruption
CC-0027,2026-03-12,VSL-004,SEA-0021,Cook,Joining,DEL,IST,OSL,1,52,2026-04-18T00:15:00Z,2026-04-18T11:30:00Z,1623,NOOSL,2026-04-18T20:54:00Z,2026-04-18T17:54:00Z,50,True,High,IN,True,Verified,True,True,Reserved,Low,Low,High,334,40,Medium,Tight connection: 52 minutes; Arrival buffer between 4 and 8 hours: 334 minutes,,Not reviewed,On time,0,True,0,No disruption
CC-0028,2026-06-02,VSL-003,SEA-0065,Bosun,Joining,BOM,FRA,HAM,1,146,2026-07-17T20:15:00Z,2026-07-18T08:30:00Z,1414,DEHAM,2026-07-18T17:29:00Z,2026-07-18T12:29:00Z,45,True,High,IN,True,Pending verification,True,False,Ticketed,Medium,Medium,Medium,194,58,High,Arrival buffer below 4 hours: 194 minutes; Visa/document status: Pending verification; Airport historical delay indicator: Medium; Weather indicator: Medium,,Not reviewed,On time,0,True,0,No disruption
CC-0029,2026-03-31,VSL-009,SEA-0042,Able Seafarer,Joining,CMB,,ATH,0,,2026-05-10T07:45:00Z,2026-05-10T20:00:00Z,1045,GRPIR,2026-05-11T08:55:00Z,2026-05-11T05:55:00Z,60,True,Medium,LK,True,Manual specialist check,True,False,Ticketed,Medium,Low,Low,535,33,Medium,Visa/document status: Manual specialist check; Airport historical delay indicator: Medium,,Not reviewed,On time,0,True,0,No disruption
CC-0030,2026-06-01,VSL-017,SEA-0025,Chief Officer,Joining,BOM,DOH,BRE,1,163,2026-06-19T15:45:00Z,2026-06-20T07:45:00Z,1401,DEBRV,2026-06-21T00:56:00Z,2026-06-20T18:56:00Z,75,True,Medium,IN,True,Verified,True,True,Ticketed,Low,Low,Medium,596,0,Low,No material risk factor identified under the prototype rules,,Not reviewed,On time,0,True,0,No disruption
CC-0031,2026-05-05,VSL-015,SEA-0035,Second Engineer,Joining,DAC,FRA,LCA,1,170,2026-05-27T00:00:00Z,2026-05-27T12:30:00Z,1366,CYLMS,2026-05-28T01:36:00Z,2026-05-27T18:36:00Z,50,True,High,BD,True,Verified,True,True,Reserved,Low,Low,Medium,316,15,Low,Arrival buffer between 4 and 8 hours: 316 minutes,,Not reviewed,On time,0,True,0,No disruption
CC-0032,2026-05-20,VSL-010,SEA-0030,Second Engineer,Joining,BOM,,BRU,0,,2026-06-13T01:15:00Z,2026-06-13T09:30:00Z,652,BEANR,2026-06-14T08:26:00Z,2026-06-14T00:26:00Z,50,True,High,IN,True,Verified,True,True,Ticketed,Medium,High,Low,846,18,Low,Airport historical delay indicator: Medium; Weather indicator: High,,Not reviewed,On time,0,True,0,No disruption
CC-0033,2026-06-01,VSL-002,SEA-0020,Second Officer,Joining,DEL,IST,SIN,1,119,2026-07-14T10:15:00Z,2026-07-15T08:00:00Z,1322,SGSIN,2026-07-15T12:50:00Z,2026-07-15T11:50:00Z,35,True,High,IN,True,Verified,True,True,Ticketed,Low,Low,Medium,195,25,Medium,Arrival buffer below 4 hours: 195 minutes,,Not reviewed,Failed crew change,2676,False,1367,Vessel ETA change
CC-0034,2026-05-31,VSL-007,SEA-0081,Second Officer,Joining,MNL,IST,CPH,1,151,2026-06-26T17:15:00Z,2026-06-27T13:00:00Z,1324,DKCPH,2026-06-28T06:41:00Z,2026-06-27T22:41:00Z,30,True,Medium,PH,True,Pending verification,True,False,Ticketed,Medium,High,Medium,551,38,Medium,Visa/document status: Pending verification; Airport historical delay indicator: Medium; Weather indicator: High,,Not reviewed,On time,0,True,0,No disruption
CC-0035,2026-02-18,VSL-009,SEA-0081,Bosun,Joining,DEL,,AMS,0,,2026-03-15T13:15:00Z,2026-03-15T21:00:00Z,622,NLRTM,2026-03-16T15:26:00Z,2026-03-16T07:26:00Z,75,True,Medium,IN,True,Verified,True,True,Ticketed,High,Low,Low,551,15,Low,Airport historical delay indicator: High,,Not reviewed,On time,0,True,0,No disruption
CC-0036,2026-03-27,VSL-013,SEA-0035,Electrician,Joining,CMB,,BRU,0,,2026-04-13T15:15:00Z,2026-04-14T00:30:00Z,1255,BEANR,2026-04-14T05:03:00Z,2026-04-14T04:03:00Z,50,True,High,LK,True,Pending verification,True,False,Reserved,Medium,Low,Low,163,53,High,Arrival buffer below 4 hours: 163 minutes; Visa/document status: Pending verification; Airport historical delay indicator: Medium,,Not reviewed,Failed crew change,1229,False,2819,Flight delay
CC-0037,2026-05-02,VSL-006,SEA-0061,Electrician,Joining,DAC,,BRE,0,,2026-05-23T21:30:00Z,2026-05-24T09:00:00Z,591,DEBRV,2026-05-24T14:11:00Z,2026-05-24T12:11:00Z,75,True,High,BD,True,Manual specialist check,True,False,Ticketed,Low,Medium,Low,116,55,High,Arrival buffer below 4 hours: 116 minutes; Visa/document status: Manual specialist check; Weather indicator: Medium,,Not reviewed,Failed crew change,1823,False,3260,Flight delay
CC-0038,2026-03-05,VSL-003,SEA-0041,Chief Engineer,Joining,DEL,FRA,CPH,1,170,2026-03-18T17:45:00Z,2026-03-19T10:30:00Z,1341,DKCPH,2026-03-20T00:11:00Z,2026-03-19T18:11:00Z,30,True,High,IN,True,Pending verification,True,False,Not requested,Medium,Low,Medium,431,43,Medium,Arrival buffer between 4 and 8 hours: 431 minutes; Visa/document status: Pending verification; Airport historical delay indicator: Medium,,Not reviewed,On time,0,True,0,No disruption
CC-0039,2026-04-15,VSL-008,SEA-0091,Second Officer,Joining,DAC,IST,ATH,1,163,2026-05-20T05:00:00Z,2026-05-20T19:30:00Z,788,GRPIR,2026-05-21T16:37:00Z,2026-05-21T08:37:00Z,60,True,High,BD,True,Pending verification,True,False,Ticketed,Medium,Low,Medium,727,28,Medium,Visa/document status: Pending verification; Airport historical delay indicator: Medium,,Not reviewed,Rebooked,895,True,746,Flight delay
CC-0040,2026-07-04,VSL-018,SEA-0019,Second Engineer,Joining,CMB,,SIN,0,,2026-08-11T09:00:00Z,2026-08-11T19:00:00Z,824,SGSIN,2026-08-12T11:08:00Z,2026-08-12T08:08:00Z,35,True,Low,LK,True,Manual specialist check,True,False,Reserved,Low,Low,Low,753,25,Medium,Visa/document status: Manual specialist check,,Not reviewed,On time,0,True,0,No disruption
CC-0041,2026-07-03,VSL-013,SEA-0059,Cook,Joining,CGK,IST,SIN,1,115,2026-07-29T00:45:00Z,2026-07-29T17:15:00Z,932,SGSIN,2026-07-30T00:22:00Z,2026-07-29T19:22:00Z,35,True,Medium,ID,True,Pending verification,True,False,Ticketed,Low,Low,Medium,92,45,Medium,Arrival buffer below 4 hours: 92 minutes; Visa/document status: Pending verification,,Not reviewed,Delayed but completed,305,True,180,Document issue
CC-0042,2026-03-24,VSL-015,SEA-0002,Able Seafarer,Joining,DAC,FRA,BRU,1,56,2026-05-01T18:45:00Z,2026-05-02T17:30:00Z,977,BEANR,2026-05-03T05:25:00Z,2026-05-03T02:25:00Z,50,False,High,BD,True,Manual specialist check,True,False,Quoted,Medium,Low,High,485,68,High,Tight connection: 56 minutes; Visa/document status: Manual specialist check; Airport historical delay indicator: Medium; Port agent transfer not confirmed,,Not reviewed,On time,0,True,0,No disruption
CC-0043,2026-06-03,VSL-010,SEA-0030,Able Seafarer,Joining,MNL,DXB,AMS,1,131,2026-06-30T00:45:00Z,2026-06-30T21:45:00Z,1317,NLRTM,2026-07-01T13:06:00Z,2026-07-01T06:06:00Z,75,True,High,PH,True,Verified,True,True,Reserved,High,Medium,Medium,426,35,Medium,Arrival buffer between 4 and 8 hours: 426 minutes; Airport historical delay indicator: High; Weather indicator: Medium,,Not reviewed,On time,0,True,0,No disruption
CC-0044,2026-03-08,VSL-003,SEA-0079,Able Seafarer,Joining,CGK,IST,BRE,1,158,2026-04-02T07:30:00Z,2026-04-02T18:30:00Z,1440,DEBRV,2026-04-03T03:47:00Z,2026-04-03T02:47:00Z,75,True,Medium,ID,True,Verified,True,True,Reserved,Low,Low,Medium,422,15,Low,Arrival buffer between 4 and 8 hours: 422 minutes,,Not reviewed,On time,0,True,0,No disruption
CC-0045,2026-04-23,VSL-014,SEA-0089,Chief Engineer,Joining,CMB,DOH,BRU,1,104,2026-05-29T13:30:00Z,2026-05-30T08:00:00Z,1303,BEANR,2026-05-30T22:42:00Z,2026-05-30T21:42:00Z,50,True,Medium,LK,True,Manual specialist check,True,False,Reserved,Medium,Low,Medium,772,33,Medium,Visa/document status: Manual specialist check; Airport historical delay indicator: Medium,,Not reviewed,On time,0,True,0,No disruption
CC-0046,2026-05-06,VSL-016,SEA-0037,Able Seafarer,Joining,CMB,IST,BRU,1,105,2026-05-14T01:30:00Z,2026-05-14T22:00:00Z,1377,BEANR,2026-05-15T17:16:00Z,2026-05-15T12:16:00Z,50,True,High,LK,True,Potential issue,True,False,Reserved,Medium,Low,Medium,806,43,Medium,Visa/document status: Potential issue; Airport historical delay indicator: Medium,,Not reviewed,On time,0,True,0,No disruption
CC-0047,2026-06-14,VSL-014,SEA-0023,Second Officer,Joining,DEL,CDG,OSL,1,109,2026-07-10T14:15:00Z,2026-07-11T11:15:00Z,1732,NOOSL,2026-07-12T01:17:00Z,2026-07-12T00:17:00Z,50,True,Medium,IN,True,Pending verification,True,False,Reserved,Low,Low,Medium,732,20,Low,Visa/document status: Pending verification,,Not reviewed,On time,0,True,0,No disruption
CC-0048,2026-04-08,VSL-013,SEA-0002,Chief Engineer,Joining,DAC,DXB,OSL,1,87,2026-04-19T21:45:00Z,2026-04-20T13:15:00Z,1407,NOOSL,2026-04-21T01:32:00Z,2026-04-20T17:32:00Z,50,False,High,BD,True,Verified,True,True,Quoted,Low,High,High,207,60,High,Short connection: 87 minutes; Arrival buffer below 4 hours: 207 minutes; Weather indicator: High; Port agent transfer not confirmed,,Not reviewed,Rebooked,1046,True,1073,Flight delay
CC-0049,2026-06-26,VSL-004,SEA-0018,Master,Joining,CGK,DXB,OSL,1,142,2026-08-07T16:30:00Z,2026-08-08T04:45:00Z,1279,NOOSL,2026-08-08T16:07:00Z,2026-08-08T15:07:00Z,50,True,High,ID,True,Verified,True,True,Ticketed,Low,Low,Medium,572,0,Low,No material risk factor identified under the prototype rules,,Not reviewed,On time,0,True,0,No disruption
CC-0050,2026-07-07,VSL-009,SEA-0005,Able Seafarer,Joining,MNL,,LCA,0,,2026-08-20T06:15:00Z,2026-08-20T17:00:00Z,1051,CYLMS,2026-08-21T08:39:00Z,2026-08-21T01:39:00Z,50,True,High,PH,True,Verified,True,True,Ticketed,Low,Low,Low,469,15,Low,Arrival buffer between 4 and 8 hours: 469 minutes,,Not reviewed,On time,0,True,0,No disruption
CC-0051,2026-05-31,VSL-002,SEA-0043,Second Officer,Joining,DEL,IST,LCA,1,139,2026-06-14T17:30:00Z,2026-06-15T05:15:00Z,1609,CYLMS,2026-06-15T16:17:00Z,2026-06-15T12:17:00Z,50,True,High,IN,True,Manual specialist check,True,False,Ticketed,Low,Medium,Medium,372,45,Medium,Arrival buffer between 4 and 8 hours: 372 minutes; Visa/document status: Manual specialist check; Weather indicator: Medium,,Not reviewed,On time,0,True,0,No disruption
CC-0052,2026-07-11,VSL-005,SEA-0002,Second Engineer,Joining,DEL,,DXB,0,,2026-07-27T13:15:00Z,2026-07-28T00:30:00Z,450,AEDXB,2026-07-28T12:43:00Z,2026-07-28T06:43:00Z,45,True,Medium,IN,True,Pending verification,True,False,Ticketed,Medium,Low,Low,328,43,Medium,Arrival buffer between 4 and 8 hours: 328 minutes; Visa/document status: Pending verification; Airport historical delay indicator: Medium,,Not reviewed,Failed crew change,1746,False,1614,Document issue
CC-0053,2026-04-10,VSL-002,SEA-0094,Able Seafarer,Joining,BOM,,DXB,0,,2026-04-21T12:00:00Z,2026-04-21T20:45:00Z,909,AEDXB,2026-04-22T09:58:00Z,2026-04-22T07:58:00Z,45,True,Medium,IN,True,Verified,True,True,Ticketed,Medium,Medium,Low,628,13,Low,Airport historical delay indicator: Medium; Weather indicator: Medium,,Not reviewed,On time,0,True,0,No disruption
CC-0054,2026-05-22,VSL-011,SEA-0049,Cook,Joining,BOM,IST,SIN,1,60,2026-06-02T00:45:00Z,2026-06-02T17:45:00Z,1364,SGSIN,2026-06-03T12:12:00Z,2026-06-03T04:12:00Z,35,True,High,IN,True,Pending verification,True,False,Ticketed,Low,Low,High,592,35,Medium,Short connection: 60 minutes; Visa/document status: Pending verification,,Not reviewed,On time,0,True,0,No disruption
CC-0055,2026-07-16,VSL-005,SEA-0088,Cook,Joining,DAC,IST,LCA,1,74,2026-08-13T14:15:00Z,2026-08-14T08:00:00Z,1310,CYLMS,2026-08-14T21:13:00Z,2026-08-14T14:13:00Z,50,True,High,BD,True,Pending verification,True,False,Reserved,Low,Low,High,323,50,High,Short connection: 74 minutes; Arrival buffer between 4 and 8 hours: 323 minutes; Visa/document status: Pending verification,,Not reviewed,On time,0,True,0,No disruption
CC-0056,2026-05-15,VSL-010,SEA-0046,Chief Officer,Joining,MNL,DXB,BRE,1,78,2026-06-17T00:00:00Z,2026-06-17T20:30:00Z,1414,DEBRV,2026-06-18T12:41:00Z,2026-06-18T10:41:00Z,75,True,High,PH,True,Verified,True,True,Ticketed,Low,Low,High,776,15,Low,Short connection: 78 minutes,,Not reviewed,On time,0,True,0,No disruption
CC-0057,2026-07-09,VSL-009,SEA-0004,Second Officer,Joining,CGK,IST,AMS,1,134,2026-08-12T03:30:00Z,2026-08-12T16:00:00Z,1593,NLRTM,2026-08-13T08:32:00Z,2026-08-13T04:32:00Z,75,True,Medium,ID,True,Pending verification,True,False,Not requested,High,High,Medium,677,45,Medium,Visa/document status: Pending verification; Airport historical delay indicator: High; Weather indicator: High,,Not reviewed,On time,0,True,0,No disruption
CC-0058,2026-06-06,VSL-003,SEA-0007,Second Officer,Joining,BOM,DOH,CPH,1,81,2026-06-18T23:45:00Z,2026-06-19T12:00:00Z,1187,DKCPH,2026-06-20T03:38:00Z,2026-06-20T02:38:00Z,30,True,Medium,IN,True,Verified,True,True,Ticketed,Medium,Low,High,848,23,Low,Short connection: 81 minutes; Airport historical delay indicator: Medium,,Not reviewed,On time,0,True,0,No disruption
CC-0059,2026-05-06,VSL-017,SEA-0086,Second Engineer,Joining,CGK,,HAM,0,,2026-05-26T01:45:00Z,2026-05-26T12:30:00Z,1244,DEHAM,2026-05-27T02:49:00Z,2026-05-26T21:49:00Z,45,True,High,ID,True,Pending verification,True,False,Ticketed,Medium,Low,Low,514,28,Medium,Visa/document status: Pending verification; Airport historical delay indicator: Medium,,Not reviewed,On time,0,True,0,No disruption
CC-0060,2026-04-03,VSL-017,SEA-0072,Able Seafarer,Joining,MNL,,DXB,0,,2026-04-28T12:15:00Z,2026-04-29T01:30:00Z,703,AEDXB,2026-04-29T21:47:00Z,2026-04-29T16:47:00Z,45,True,Medium,PH,True,Verified,True,True,Ticketed,Medium,Low,Low,872,8,Low,Airport historical delay indicator: Medium,,Not reviewed,On time,0,True,0,No disruption
CC-0061,2026-01-20,VSL-015,SEA-0089,Cook,Joining,CMB,IST,BRE,1,156,2026-03-04T15:45:00Z,2026-03-05T04:15:00Z,1069,DEBRV,2026-03-05T23:49:00Z,2026-03-05T16:49:00Z,75,True,High,LK,True,Verified,True,True,Ticketed,Low,Low,Medium,679,0,Low,No material risk factor identified under the prototype rules,,Not reviewed,On time,0,True,0,No disruption
CC-0062,2026-02-27,VSL-005,SEA-0031,Chief Officer,Joining,DEL,FRA,BRE,1,179,2026-03-16T06:45:00Z,2026-03-16T22:15:00Z,1622,DEBRV,2026-03-17T10:46:00Z,2026-03-17T04:46:00Z,75,True,High,IN,True,Verified,True,True,Reserved,Low,Low,Medium,316,15,Low,Arrival buffer between 4 and 8 hours: 316 minutes,,Not reviewed,On time,0,True,0,No disruption
CC-0063,2026-06-13,VSL-010,SEA-0036,Bosun,Joining,DAC,,AMS,0,,2026-07-26T09:00:00Z,2026-07-26T17:45:00Z,619,NLRTM,2026-07-27T12:25:00Z,2026-07-27T04:25:00Z,75,True,High,BD,True,Verified,True,True,Ticketed,High,High,Low,565,25,Medium,Airport historical delay indicator: High; Weather indicator: High,,Not reviewed,Failed crew change,1338,False,2701,Flight delay
CC-0064,2026-04-05,VSL-011,SEA-0078,Third Engineer,Joining,BOM,IST,BRE,1,59,2026-05-11T14:30:00Z,2026-05-12T02:30:00Z,1872,DEBRV,2026-05-12T22:44:00Z,2026-05-12T15:44:00Z,75,True,High,IN,True,Verified,True,True,Ticketed,Low,High,High,719,35,Medium,Tight connection: 59 minutes; Weather indicator: High,,Not reviewed,On time,0,True,0,No disruption
CC-0065,2026-08-13,VSL-010,SEA-0050,Third Engineer,Joining,CMB,,HAM,0,,2026-08-22T14:30:00Z,2026-08-23T02:30:00Z,712,DEHAM,2026-08-23T16:21:00Z,2026-08-23T13:21:00Z,45,True,High,LK,True,Verified,True,True,Reserved,Medium,Low,Low,606,8,Low,Airport historical delay indicator: Medium,,Not reviewed,On time,0,True,0,No disruption
CC-0066,2026-03-20,VSL-013,SEA-0017,Bosun,Joining,MNL,FRA,DXB,1,61,2026-05-04T00:00:00Z,2026-05-04T19:45:00Z,899,AEDXB,2026-05-05T07:50:00Z,2026-05-05T02:50:00Z,45,True,Low,PH,True,Pending verification,True,False,Ticketed,Medium,Low,High,380,58,High,Short connection: 61 minutes; Arrival buffer between 4 and 8 hours: 380 minutes; Visa/document status: Pending verification; Airport historical delay indicator: Medium,,Not reviewed,On time,0,True,0,No disruption
CC-0067,2026-07-01,VSL-004,SEA-0065,Able Seafarer,Joining,DAC,DXB,CPH,1,77,2026-07-09T02:00:00Z,2026-07-09T23:45:00Z,869,DKCPH,2026-07-10T16:25:00Z,2026-07-10T10:25:00Z,30,True,Medium,BD,True,Verified,True,True,Quoted,Medium,Low,High,610,23,Low,Short connection: 77 minutes; Airport historical delay indicator: Medium,,Not reviewed,Delayed but completed,128,True,75,Flight cancellation
CC-0068,2026-05-20,VSL-016,SEA-0025,Second Engineer,Joining,MNL,CDG,SIN,1,78,2026-06-24T23:45:00Z,2026-06-25T13:00:00Z,1139,SGSIN,2026-06-25T21:10:00Z,2026-06-25T18:10:00Z,35,True,Low,PH,True,Verified,True,True,Ticketed,Low,Low,High,275,30,Medium,Short connection: 78 minutes; Arrival buffer between 4 and 8 hours: 275 minutes,,Not reviewed,Failed crew change,2558,False,1858,Flight delay
CC-0069,2026-05-19,VSL-017,SEA-0019,Able Seafarer,Joining,CMB,FRA,LCA,1,173,2026-06-11T10:45:00Z,2026-06-12T00:00:00Z,1513,CYLMS,2026-06-12T15:39:00Z,2026-06-12T12:39:00Z,50,True,High,LK,True,Verified,True,True,Reserved,Low,Low,Medium,709,0,Low,No material risk factor identified under the prototype rules,,Not reviewed,Delayed but completed,175,True,0,Flight delay
CC-0070,2026-02-27,VSL-016,SEA-0090,Able Seafarer,Joining,CMB,IST,BRU,1,151,2026-03-11T08:45:00Z,2026-03-12T04:15:00Z,809,BEANR,2026-03-12T17:36:00Z,2026-03-12T10:36:00Z,50,False,Medium,LK,True,Verified,True,True,Reserved,Medium,Low,Medium,331,33,Medium,Arrival buffer between 4 and 8 hours: 331 minutes; Airport historical delay indicator: Medium; Port agent transfer not confirmed,,Not reviewed,Delayed but completed,201,True,75,Flight cancellation
CC-0071,2026-03-28,VSL-001,SEA-0081,Electrician,Joining,CMB,IST,LCA,1,49,2026-04-19T16:15:00Z,2026-04-20T06:00:00Z,1761,CYLMS,2026-04-20T15:13:00Z,2026-04-20T10:13:00Z,50,True,High,LK,True,Verified,True,True,Ticketed,Low,Low,High,203,50,High,Tight connection: 49 minutes; Arrival buffer below 4 hours: 203 minutes,,Not reviewed,Rebooked,244,True,363,Flight delay
CC-0072,2026-04-05,VSL-002,SEA-0082,Second Engineer,Joining,BOM,CDG,AMS,1,135,2026-04-16T17:45:00Z,2026-04-17T06:45:00Z,869,NLRTM,2026-04-18T00:26:00Z,2026-04-17T18:26:00Z,75,True,High,IN,True,Manual specialist check,True,False,Ticketed,High,Low,Medium,626,40,Medium,Visa/document status: Manual specialist check; Airport historical delay indicator: High,,Not reviewed,On time,0,True,0,No disruption
CC-0073,2026-06-22,VSL-015,SEA-0005,Chief Engineer,Joining,BOM,DXB,HAM,1,106,2026-07-21T07:00:00Z,2026-07-22T03:30:00Z,905,DEHAM,2026-07-22T09:01:00Z,2026-07-22T08:01:00Z,45,True,High,IN,True,Verified,True,True,Quoted,Medium,Medium,Medium,226,38,Medium,Arrival buffer below 4 hours: 226 minutes; Airport historical delay indicator: Medium; Weather indicator: Medium,,Not reviewed,Delayed but completed,275,True,350,Flight cancellation
CC-0074,2026-04-22,VSL-013,SEA-0057,Able Seafarer,Joining,MNL,DXB,BRU,1,176,2026-05-17T07:45:00Z,2026-05-17T22:45:00Z,965,BEANR,2026-05-18T17:56:00Z,2026-05-18T13:56:00Z,50,False,High,PH,True,Verified,True,True,Ticketed,Medium,Medium,Medium,861,23,Low,Airport historical delay indicator: Medium; Weather indicator: Medium; Port agent transfer not confirmed,,Not reviewed,On time,0,True,0,No disruption
CC-0075,2026-03-07,VSL-015,SEA-0078,Able Seafarer,Joining,CMB,DXB,AMS,1,177,2026-04-21T19:00:00Z,2026-04-22T17:45:00Z,1323,NLRTM,2026-04-23T04:50:00Z,2026-04-22T21:50:00Z,75,True,High,LK,True,Potential issue,True,False,Reserved,High,Low,Medium,170,75,High,Arrival buffer below 4 hours: 170 minutes; Visa/document status: Potential issue; Airport historical delay indicator: High,,Not reviewed,On time,0,True,0,No disruption
CC-0076,2026-04-15,VSL-012,SEA-0047,Second Engineer,Joining,BOM,DXB,LCA,1,156,2026-04-23T07:00:00Z,2026-04-23T19:45:00Z,838,CYLMS,2026-04-24T07:17:00Z,2026-04-24T04:17:00Z,50,True,High,IN,True,Verified,True,True,Ticketed,Low,Low,Medium,462,15,Low,Arrival buffer between 4 and 8 hours: 462 minutes,,Not reviewed,On time,0,True,0,No disruption
CC-0077,2026-04-24,VSL-018,SEA-0016,Chief Engineer,Joining,DEL,FRA,DXB,1,140,2026-05-26T04:00:00Z,2026-05-27T00:15:00Z,863,AEDXB,2026-05-27T17:32:00Z,2026-05-27T11:32:00Z,45,False,High,IN,True,Verified,True,True,Reserved,Medium,Low,Medium,632,18,Low,Airport historical delay indicator: Medium; Port agent transfer not confirmed,,Not reviewed,On time,0,True,0,No disruption
CC-0078,2026-03-04,VSL-006,SEA-0092,Able Seafarer,Joining,DEL,DXB,LCA,1,170,2026-04-08T20:00:00Z,2026-04-09T09:00:00Z,1353,CYLMS,2026-04-09T22:02:00Z,2026-04-09T19:02:00Z,50,False,Medium,IN,True,Potential issue,True,False,Reserved,Low,Medium,Medium,552,50,High,Visa/document status: Potential issue; Weather indicator: Medium; Port agent transfer not confirmed,,Not reviewed,Failed crew change,985,False,3152,Flight delay
CC-0079,2026-06-20,VSL-013,SEA-0092,Able Seafarer,Joining,BOM,IST,AMS,1,96,2026-08-01T19:15:00Z,2026-08-02T10:00:00Z,1599,NLRTM,2026-08-02T19:11:00Z,2026-08-02T13:11:00Z,75,False,High,IN,True,Verified,True,True,Quoted,High,Low,Medium,116,50,High,Arrival buffer below 4 hours: 116 minutes; Airport historical delay indicator: High; Port agent transfer not confirmed,,Not reviewed,On time,0,True,0,No disruption
CC-0080,2026-04-16,VSL-002,SEA-0016,Electrician,Joining,DAC,,ATH,0,,2026-05-01T13:00:00Z,2026-05-01T23:45:00Z,682,GRPIR,2026-05-02T19:51:00Z,2026-05-02T13:51:00Z,60,True,High,BD,True,Pending verification,True,False,Ticketed,Medium,Medium,Low,786,33,Medium,Visa/document status: Pending verification; Airport historical delay indicator: Medium; Weather indicator: Medium,,Not reviewed,On time,0,True,0,No disruption
CC-0081,2026-05-25,VSL-011,SEA-0073,Master,Joining,BOM,DOH,AMS,1,133,2026-06-09T18:30:00Z,2026-06-10T07:00:00Z,1553,NLRTM,2026-06-10T18:06:00Z,2026-06-10T13:06:00Z,75,True,Medium,IN,True,Verified,True,True,Reserved,High,Low,Medium,291,30,Medium,Arrival buffer between 4 and 8 hours: 291 minutes; Airport historical delay indicator: High,,Not reviewed,On time,0,True,0,No disruption
CC-0082,2026-05-28,VSL-015,SEA-0010,Able Seafarer,Joining,MNL,CDG,BRE,1,112,2026-07-05T10:15:00Z,2026-07-06T07:00:00Z,1250,DEBRV,2026-07-06T21:17:00Z,2026-07-06T20:17:00Z,75,True,High,PH,True,Pending verification,True,False,Ticketed,Low,Low,Medium,722,20,Low,Visa/document status: Pending verification,,Not reviewed,On time,0,True,0,No disruption
CC-0083,2026-03-31,VSL-002,SEA-0038,Cook,Joining,CMB,DXB,ATH,1,81,2026-04-30T16:30:00Z,2026-05-01T15:00:00Z,1236,GRPIR,2026-05-02T03:18:00Z,2026-05-02T00:18:00Z,60,True,Medium,LK,True,Verified,True,True,Reserved,Medium,Low,High,498,23,Low,Short connection: 81 minutes; Airport historical delay indicator: Medium,,Not reviewed,On time,0,True,0,No disruption
CC-0084,2026-07-22,VSL-012,SEA-0007,Chief Officer,Joining,DEL,DOH,ATH,1,128,2026-08-29T07:30:00Z,2026-08-29T21:45:00Z,1241,GRPIR,2026-08-30T16:45:00Z,2026-08-30T08:45:00Z,60,True,High,IN,True,Pending verification,True,False,Reserved,Medium,Low,Medium,600,28,Medium,Visa/document status: Pending verification; Airport historical delay indicator: Medium,,Not reviewed,On time,0,True,0,No disruption
CC-0085,2026-02-25,VSL-015,SEA-0071,Chief Engineer,Joining,BOM,IST,LCA,1,155,2026-03-27T00:30:00Z,2026-03-27T23:00:00Z,982,CYLMS,2026-03-28T21:22:00Z,2026-03-28T14:22:00Z,50,True,Low,IN,True,Verified,True,True,Reserved,Low,Low,Medium,872,0,Low,No material risk factor identified under the prototype rules,,Not reviewed,On time,0,True,0,No disruption
CC-0086,2026-03-03,VSL-016,SEA-0067,Third Engineer,Joining,MNL,,DXB,0,,2026-03-19T18:45:00Z,2026-03-20T04:15:00Z,450,AEDXB,2026-03-20T22:01:00Z,2026-03-20T16:01:00Z,45,True,Medium,PH,True,Verified,True,True,Reserved,Medium,Low,Low,661,8,Low,Airport historical delay indicator: Medium,,Not reviewed,On time,0,True,0,No disruption
CC-0087,2026-02-21,VSL-004,SEA-0054,Bosun,Joining,DEL,CDG,SIN,1,126,2026-04-01T13:45:00Z,2026-04-02T10:15:00Z,1299,SGSIN,2026-04-03T04:27:00Z,2026-04-02T22:27:00Z,35,True,Medium,IN,True,Pending verification,True,False,Reserved,Low,Low,Medium,697,20,Low,Visa/document status: Pending verification,,Not reviewed,On time,0,True,0,No disruption
CC-0088,2026-07-03,VSL-007,SEA-0053,Electrician,Joining,DAC,CDG,HAM,1,103,2026-07-19T01:00:00Z,2026-07-19T21:45:00Z,1185,DEHAM,2026-07-20T09:54:00Z,2026-07-20T02:54:00Z,45,True,Medium,BD,True,Pending verification,True,False,Reserved,Medium,Low,Medium,264,43,Medium,Arrival buffer between 4 and 8 hours: 264 minutes; Visa/document status: Pending verification; Airport historical delay indicator: Medium,,Not reviewed,Delayed but completed,39,True,180,Document issue
CC-0089,2026-03-14,VSL-009,SEA-0079,Third Engineer,Joining,CGK,DOH,LCA,1,177,2026-04-10T06:30:00Z,2026-04-11T04:15:00Z,1690,CYLMS,2026-04-11T22:33:00Z,2026-04-11T15:33:00Z,50,True,Low,ID,True,Manual specialist check,True,False,Ticketed,Low,Low,Medium,628,25,Medium,Visa/document status: Manual specialist check,,Not reviewed,On time,0,True,0,No disruption
CC-0090,2026-08-07,VSL-008,SEA-0032,Chief Officer,Joining,MNL,IST,CPH,1,133,2026-08-27T10:45:00Z,2026-08-28T08:15:00Z,845,DKCPH,2026-08-29T07:00:00Z,2026-08-28T23:00:00Z,30,False,Low,PH,True,Verified,True,True,Ticketed,Medium,Low,Medium,855,18,Low,Airport historical delay indicator: Medium; Port agent transfer not confirmed,,Not reviewed,On time,0,True,0,No disruption
CC-0091,2026-03-13,VSL-010,SEA-0042,Chief Engineer,Joining,CGK,,BRU,0,,2026-03-20T10:45:00Z,2026-03-20T20:30:00Z,754,BEANR,2026-03-21T03:32:00Z,2026-03-21T00:32:00Z,50,True,High,ID,True,Manual specialist check,True,False,Ticketed,Medium,High,Low,192,68,High,Arrival buffer below 4 hours: 192 minutes; Visa/document status: Manual specialist check; Airport historical delay indicator: Medium; Weather indicator: High,,Not reviewed,Rebooked,668,True,916,Flight delay
CC-0092,2026-07-18,VSL-004,SEA-0043,Chief Engineer,Joining,CGK,CDG,BRE,1,54,2026-08-25T07:15:00Z,2026-08-26T00:30:00Z,692,DEBRV,2026-08-26T10:52:00Z,2026-08-26T03:52:00Z,75,False,Low,ID,True,Verified,True,True,Reserved,Low,Medium,High,127,65,High,Tight connection: 54 minutes; Arrival buffer below 4 hours: 127 minutes; Weather indicator: Medium; Port agent transfer not confirmed,,Not reviewed,On time,0,True,0,No disruption
CC-0093,2026-04-24,VSL-006,SEA-0079,Able Seafarer,Joining,DAC,DOH,SIN,1,174,2026-05-30T21:30:00Z,2026-05-31T11:30:00Z,970,SGSIN,2026-05-31T22:13:00Z,2026-05-31T19:13:00Z,35,True,Medium,BD,True,Verified,True,True,Ticketed,Low,Medium,Medium,428,20,Low,Arrival buffer between 4 and 8 hours: 428 minutes; Weather indicator: Medium,,Not reviewed,On time,0,True,0,No disruption
CC-0094,2026-06-12,VSL-012,SEA-0054,Able Seafarer,Joining,BOM,,LCA,0,,2026-07-12T05:30:00Z,2026-07-12T17:30:00Z,1315,CYLMS,2026-07-13T11:44:00Z,2026-07-13T06:44:00Z,50,True,Low,IN,True,Verified,True,True,Ticketed,Low,Low,Low,744,0,Low,No material risk factor identified under the prototype rules,,Not reviewed,On time,0,True,0,No disruption
CC-0095,2026-06-01,VSL-016,SEA-0012,Able Seafarer,Joining,CGK,DOH,SIN,1,65,2026-06-11T01:45:00Z,2026-06-11T21:15:00Z,887,SGSIN,2026-06-12T02:39:00Z,2026-06-12T00:39:00Z,35,True,High,ID,True,Pending verification,True,False,Reserved,Low,Medium,High,169,65,High,Short connection: 65 minutes; Arrival buffer below 4 hours: 169 minutes; Visa/document status: Pending verification; Weather indicator: Medium,,Not reviewed,Delayed but completed,197,True,250,Flight delay
CC-0096,2026-04-24,VSL-014,SEA-0045,Able Seafarer,Joining,CMB,,HAM,0,,2026-05-20T16:45:00Z,2026-05-21T03:45:00Z,1142,DEHAM,2026-05-21T23:32:00Z,2026-05-21T15:32:00Z,45,True,High,LK,True,Verified,True,True,Quoted,Medium,Low,Low,662,8,Low,Airport historical delay indicator: Medium,,Not reviewed,On time,0,True,0,No disruption
CC-0097,2026-03-26,VSL-004,SEA-0023,Cook,Joining,MNL,FRA,HAM,1,53,2026-04-25T17:45:00Z,2026-04-26T07:00:00Z,1120,DEHAM,2026-04-27T05:19:00Z,2026-04-26T22:19:00Z,45,False,High,PH,True,Potential issue,True,False,Reserved,Medium,Low,High,874,78,High,Tight connection: 53 minutes; Visa/document status: Potential issue; Airport historical delay indicator: Medium; Port agent transfer not confirmed,,Not reviewed,Failed crew change,1048,False,3108,Port transfer issue
CC-0098,2026-06-07,VSL-018,SEA-0061,Second Officer,Joining,DEL,DXB,SIN,1,60,2026-06-17T02:15:00Z,2026-06-18T00:00:00Z,968,SGSIN,2026-06-18T19:34:00Z,2026-06-18T11:34:00Z,35,True,High,IN,True,Potential issue,True,False,Reserved,Low,Medium,High,659,55,High,Short connection: 60 minutes; Visa/document status: Potential issue; Weather indicator: Medium,,Not reviewed,Rebooked,893,True,676,Document issue
CC-0099,2026-05-14,VSL-018,SEA-0042,Able Seafarer,Joining,DEL,CDG,BRE,1,100,2026-06-02T02:15:00Z,2026-06-02T18:45:00Z,1062,DEBRV,2026-06-03T01:45:00Z,2026-06-02T21:45:00Z,75,False,High,IN,True,Manual specialist check,True,False,Ticketed,Low,Low,Medium,105,60,High,Arrival buffer below 4 hours: 105 minutes; Visa/document status: Manual specialist check; Port agent transfer not confirmed,,Not reviewed,Delayed but completed,339,True,350,Document issue
CC-0100,2026-03-21,VSL-002,SEA-0001,Third Engineer,Joining,DAC,FRA,ATH,1,131,2026-04-19T23:45:00Z,2026-04-20T22:30:00Z,1547,GRPIR,2026-04-21T11:51:00Z,2026-04-21T08:51:00Z,60,True,Medium,BD,True,Verified,True,True,Ticketed,Medium,Medium,Medium,561,13,Low,Airport historical delay indicator: Medium; Weather indicator: Medium,,Not reviewed,Delayed but completed,298,True,0,Severe weather
CC-0101,2026-04-30,VSL-010,SEA-0003,Electrician,Joining,MNL,IST,BRU,1,100,2026-06-07T04:45:00Z,2026-06-07T20:45:00Z,1529,BEANR,2026-06-08T17:37:00Z,2026-06-08T09:37:00Z,50,True,Medium,PH,True,Verified,True,True,Ticketed,Medium,Low,Medium,722,8,Low,Airport historical delay indicator: Medium,,Not reviewed,On time,0,True,0,No disruption
CC-0102,2026-02-18,VSL-008,SEA-0039,Able Seafarer,Joining,DEL,,ATH,0,,2026-03-19T16:15:00Z,2026-03-20T00:30:00Z,1128,GRPIR,2026-03-20T18:34:00Z,2026-03-20T13:34:00Z,60,True,Medium,IN,True,Verified,True,True,Reserved,Medium,Low,Low,724,8,Low,Airport historical delay indicator: Medium,,Not reviewed,On time,0,True,0,No disruption
CC-0103,2026-02-21,VSL-005,SEA-0089,Able Seafarer,Joining,DAC,DOH,SIN,1,125,2026-03-04T00:15:00Z,2026-03-04T20:30:00Z,1435,SGSIN,2026-03-05T18:25:00Z,2026-03-05T11:25:00Z,35,True,High,BD,True,Verified,True,True,Reserved,Low,Low,Medium,860,0,Low,No material risk factor identified under the prototype rules,,Not reviewed,On time,0,True,0,No disruption
CC-0104,2026-04-07,VSL-014,SEA-0024,Bosun,Joining,MNL,,OSL,0,,2026-04-15T01:00:00Z,2026-04-15T10:45:00Z,1116,NOOSL,2026-04-16T08:17:00Z,2026-04-16T02:17:00Z,50,True,Medium,PH,True,Verified,True,True,Ticketed,Low,Medium,Low,882,5,Low,Weather indicator: Medium,,Not reviewed,On time,0,True,0,No disruption
CC-0105,2026-02-13,VSL-003,SEA-0024,Third Engineer,Joining,DAC,DOH,BRE,1,63,2026-03-16T22:30:00Z,2026-03-17T12:15:00Z,1156,DEBRV,2026-03-18T06:08:00Z,2026-03-18T03:08:00Z,75,True,High,BD,True,Verified,True,True,Quoted,Low,Low,High,818,15,Low,Short connection: 63 minutes,,Not reviewed,On time,0,True,0,No disruption
CC-0106,2026-02-15,VSL-006,SEA-0088,Second Engineer,Joining,CMB,,SIN,0,,2026-03-18T09:30:00Z,2026-03-18T20:30:00Z,960,SGSIN,2026-03-19T14:46:00Z,2026-03-19T08:46:00Z,35,True,High,LK,True,Verified,True,True,Ticketed,Low,Low,Low,701,0,Low,No material risk factor identified under the prototype rules,,Not reviewed,On time,0,True,0,No disruption
CC-0107,2026-04-24,VSL-010,SEA-0001,Cook,Joining,BOM,IST,CPH,1,87,2026-05-24T09:30:00Z,2026-05-25T03:00:00Z,1084,DKCPH,2026-05-25T15:15:00Z,2026-05-25T13:15:00Z,30,True,High,IN,True,Verified,True,True,Quoted,Medium,Low,High,585,23,Low,Short connection: 87 minutes; Airport historical delay indicator: Medium,,Not reviewed,On time,0,True,0,No disruption
CC-0108,2026-05-25,VSL-016,SEA-0018,Bosun,Joining,DAC,,BRE,0,,2026-06-14T22:15:00Z,2026-06-15T10:15:00Z,1364,DEBRV,2026-06-16T09:24:00Z,2026-06-16T01:24:00Z,75,True,High,BD,True,Verified,True,True,Ticketed,Low,Low,Low,834,0,Low,No material risk factor identified under the prototype rules,,Not reviewed,On time,0,True,0,No disruption
CC-0109,2026-01-27,VSL-016,SEA-0014,Chief Engineer,Joining,BOM,FRA,ATH,1,72,2026-03-03T01:00:00Z,2026-03-03T16:15:00Z,980,GRPIR,2026-03-04T07:27:00Z,2026-03-04T03:27:00Z,60,True,Low,IN,True,Verified,True,True,Ticketed,Medium,Low,High,612,23,Low,Short connection: 72 minutes; Airport historical delay indicator: Medium,,Not reviewed,On time,0,True,0,No disruption
CC-0110,2026-04-01,VSL-004,SEA-0003,Able Seafarer,Joining,MNL,DOH,BRE,1,134,2026-04-30T13:30:00Z,2026-05-01T07:45:00Z,979,DEBRV,2026-05-02T03:23:00Z,2026-05-01T19:23:00Z,75,True,Medium,PH,True,Verified,True,True,Ticketed,Low,Low,Medium,623,0,Low,No material risk factor identified under the prototype rules,,Not reviewed,On time,0,True,0,No disruption
CC-0111,2026-03-02,VSL-007,SEA-0058,Bosun,Joining,CGK,,AMS,0,,2026-04-03T21:15:00Z,2026-04-04T07:00:00Z,1305,NLRTM,2026-04-04T21:38:00Z,2026-04-04T17:38:00Z,75,True,High,ID,True,Verified,True,True,Ticketed,High,Low,Low,563,15,Low,Airport historical delay indicator: High,,Not reviewed,On time,0,True,0,No disruption
CC-0112,2026-05-25,VSL-018,SEA-0066,Chief Officer,Joining,CMB,,LCA,0,,2026-06-18T18:00:00Z,2026-06-19T07:15:00Z,1341,CYLMS,2026-06-19T15:34:00Z,2026-06-19T14:34:00Z,50,True,High,LK,True,Verified,True,True,Ticketed,Low,Low,Low,389,15,Low,Arrival buffer between 4 and 8 hours: 389 minutes,,Not reviewed,On time,0,True,0,No disruption
CC-0113,2026-05-20,VSL-008,SEA-0027,Able Seafarer,Joining,BOM,IST,SIN,1,157,2026-06-15T02:15:00Z,2026-06-15T19:15:00Z,833,SGSIN,2026-06-16T13:53:00Z,2026-06-16T09:53:00Z,35,True,High,IN,True,Pending verification,True,False,Ticketed,Low,Low,Medium,843,20,Low,Visa/document status: Pending verification,,Not reviewed,On time,0,True,0,No disruption
CC-0114,2026-08-05,VSL-005,SEA-0073,Able Seafarer,Joining,CMB,DXB,OSL,1,45,2026-08-16T17:00:00Z,2026-08-17T15:45:00Z,1643,NOOSL,2026-08-18T10:55:00Z,2026-08-18T04:55:00Z,50,False,Medium,LK,True,Pending verification,True,False,Reserved,Low,Low,High,740,55,High,Tight connection: 45 minutes; Visa/document status: Pending verification; Port agent transfer not confirmed,,Not reviewed,Failed crew change,1819,False,2222,Port transfer issue
CC-0115,2026-06-17,VSL-017,SEA-0088,Third Engineer,Joining,CGK,IST,BRE,1,140,2026-07-08T00:15:00Z,2026-07-08T12:00:00Z,796,DEBRV,2026-07-09T06:25:00Z,2026-07-09T01:25:00Z,75,True,High,ID,True,Verified,True,True,Ticketed,Low,Low,Medium,730,0,Low,No material risk factor identified under the prototype rules,,Not reviewed,On time,0,True,0,No disruption
CC-0116,2026-06-16,VSL-011,SEA-0017,Second Engineer,Joining,DEL,CDG,CPH,1,93,2026-07-24T05:45:00Z,2026-07-24T20:45:00Z,1566,DKCPH,2026-07-25T16:07:00Z,2026-07-25T12:07:00Z,30,True,Medium,IN,True,Verified,True,True,Ticketed,Medium,Low,Medium,892,8,Low,Airport historical delay indicator: Medium,,Not reviewed,On time,0,True,0,No disruption
CC-0117,2026-02-13,VSL-008,SEA-0008,Second Officer,Joining,DAC,,SIN,0,,2026-03-17T05:30:00Z,2026-03-17T12:45:00Z,589,SGSIN,2026-03-17T23:29:00Z,2026-03-17T17:29:00Z,35,True,Low,BD,True,Verified,True,True,Ticketed,Low,Medium,Low,249,20,Low,Arrival buffer between 4 and 8 hours: 249 minutes; Weather indicator: Medium,,Not reviewed,On time,0,True,0,No disruption
CC-0118,2026-07-01,VSL-005,SEA-0035,Able Seafarer,Joining,CMB,IST,BRE,1,124,2026-07-08T08:15:00Z,2026-07-08T20:15:00Z,1520,DEBRV,2026-07-09T14:04:00Z,2026-07-09T11:04:00Z,75,True,High,LK,True,Verified,True,True,Reserved,Low,High,Medium,814,10,Low,Weather indicator: High,,Not reviewed,On time,0,True,0,No disruption
CC-0119,2026-02-02,VSL-004,SEA-0030,Able Seafarer,Joining,BOM,DXB,HAM,1,179,2026-03-13T09:30:00Z,2026-03-14T07:30:00Z,963,DEHAM,2026-03-15T02:13:00Z,2026-03-14T18:13:00Z,45,True,High,IN,True,Verified,True,True,Ticketed,Medium,Low,Medium,598,8,Low,Airport historical delay indicator: Medium,,Not reviewed,On time,0,True,0,No disruption
CC-0120,2026-04-21,VSL-008,SEA-0054,Third Engineer,Joining,DEL,,BRU,0,,2026-05-19T14:00:00Z,2026-05-19T22:30:00Z,656,BEANR,2026-05-20T12:41:00Z,2026-05-20T11:41:00Z,50,True,High,IN,True,Verified,True,True,Reserved,Medium,Low,Low,741,8,Low,Airport historical delay indicator: Medium,,Not reviewed,On time,0,True,0,No disruption
CC-0121,2026-07-09,VSL-005,SEA-0031,Chief Engineer,Joining,CGK,IST,AMS,1,104,2026-08-22T05:45:00Z,2026-08-23T04:15:00Z,1262,NLRTM,2026-08-23T16:49:00Z,2026-08-23T14:49:00Z,75,True,Medium,ID,True,Verified,True,True,Ticketed,High,Low,Medium,559,15,Low,Airport historical delay indicator: High,,Not reviewed,On time,0,True,0,No disruption
CC-0122,2026-04-13,VSL-007,SEA-0058,Second Engineer,Joining,CGK,DXB,ATH,1,126,2026-05-27T22:30:00Z,2026-05-28T12:30:00Z,1047,GRPIR,2026-05-28T21:27:00Z,2026-05-28T18:27:00Z,60,True,High,ID,True,Verified,True,True,Reserved,Medium,Low,Medium,297,23,Low,Arrival buffer between 4 and 8 hours: 297 minutes; Airport historical delay indicator: Medium,,Not reviewed,On time,0,True,0,No disruption
CC-0123,2026-06-26,VSL-006,SEA-0004,Cook,Joining,MNL,,BRE,0,,2026-07-12T05:30:00Z,2026-07-12T18:30:00Z,1243,DEBRV,2026-07-13T06:55:00Z,2026-07-13T00:55:00Z,75,True,Medium,PH,True,Verified,True,True,Reserved,Low,Low,Low,310,15,Low,Arrival buffer between 4 and 8 hours: 310 minutes,,Not reviewed,On time,0,True,0,No disruption
CC-0124,2026-04-21,VSL-015,SEA-0020,Master,Joining,MNL,,OSL,0,,2026-05-29T12:00:00Z,2026-05-29T20:45:00Z,741,NOOSL,2026-05-30T18:26:00Z,2026-05-30T11:26:00Z,50,True,Medium,PH,True,Verified,True,True,Reserved,Low,Low,Low,831,0,Low,No material risk factor identified under the prototype rules,,Not reviewed,On time,0,True,0,No disruption
CC-0125,2026-07-01,VSL-003,SEA-0091,Bosun,Joining,DEL,CDG,AMS,1,145,2026-08-13T04:00:00Z,2026-08-13T17:30:00Z,1168,NLRTM,2026-08-14T10:41:00Z,2026-08-14T06:41:00Z,75,True,Medium,IN,True,Verified,True,True,Reserved,High,Low,Medium,716,15,Low,Airport historical delay indicator: High,,Not reviewed,On time,0,True,0,No disruption
CC-0126,2026-03-28,VSL-016,SEA-0049,Second Engineer,Joining,CMB,,OSL,0,,2026-04-10T17:15:00Z,2026-04-11T05:15:00Z,720,NOOSL,2026-04-11T18:33:00Z,2026-04-11T13:33:00Z,50,True,High,LK,True,Verified,True,True,Ticketed,Low,Low,Low,448,15,Low,Arrival buffer between 4 and 8 hours: 448 minutes,,Not reviewed,On time,0,True,0,No disruption
CC-0127,2026-04-19,VSL-012,SEA-0070,Third Engineer,Joining,MNL,FRA,CPH,1,92,2026-05-12T01:45:00Z,2026-05-12T18:00:00Z,1145,DKCPH,2026-05-13T04:36:00Z,2026-05-13T03:36:00Z,30,True,Medium,PH,True,Verified,True,True,Quoted,Medium,Low,Medium,546,8,Low,Airport historical delay indicator: Medium,,Not reviewed,On time,0,True,0,No disruption
CC-0128,2026-04-08,VSL-005,SEA-0016,Cook,Joining,DAC,,BRU,0,,2026-05-15T04:45:00Z,2026-05-15T16:30:00Z,1134,BEANR,2026-05-16T08:36:00Z,2026-05-16T04:36:00Z,50,False,High,BD,True,Verified,True,True,Ticketed,Medium,Low,Low,676,18,Low,Airport historical delay indicator: Medium; Port agent transfer not confirmed,,Not reviewed,On time,0,True,0,No disruption
CC-0129,2026-03-09,VSL-016,SEA-0074,Bosun,Joining,CGK,CDG,HAM,1,152,2026-03-22T20:45:00Z,2026-03-23T10:00:00Z,1212,DEHAM,2026-03-23T23:55:00Z,2026-03-23T21:55:00Z,45,True,High,ID,True,Verified,True,True,Reserved,Medium,Low,Medium,670,8,Low,Airport historical delay indicator: Medium,,Not reviewed,On time,0,True,0,No disruption
CC-0130,2026-06-08,VSL-017,SEA-0048,Able Seafarer,Joining,DEL,,BRE,0,,2026-07-23T10:45:00Z,2026-07-24T00:15:00Z,1308,DEBRV,2026-07-24T14:35:00Z,2026-07-24T07:35:00Z,75,True,High,IN,True,Verified,True,True,Ticketed,Low,Low,Low,365,15,Low,Arrival buffer between 4 and 8 hours: 365 minutes,,Not reviewed,On time,0,True,0,No disruption
CC-0131,2026-07-25,VSL-007,SEA-0029,Bosun,Joining,CMB,,DXB,0,,2026-08-17T00:45:00Z,2026-08-17T12:15:00Z,470,AEDXB,2026-08-17T23:22:00Z,2026-08-17T20:22:00Z,45,True,Medium,LK,True,Verified,True,True,Ticketed,Medium,Low,Low,442,23,Low,Arrival buffer between 4 and 8 hours: 442 minutes; Airport historical delay indicator: Medium,,Not reviewed,On time,0,True,0,No disruption
CC-0132,2026-03-16,VSL-010,SEA-0054,Able Seafarer,Joining,DAC,DOH,OSL,1,91,2026-04-27T01:00:00Z,2026-04-27T19:15:00Z,854,NOOSL,2026-04-28T15:13:00Z,2026-04-28T10:13:00Z,50,True,High,BD,True,Pending verification,True,False,Reserved,Low,Low,Medium,848,20,Low,Visa/document status: Pending verification,,Not reviewed,On time,0,True,0,No disruption
CC-0133,2026-02-08,VSL-015,SEA-0019,Second Engineer,Joining,DAC,IST,CPH,1,165,2026-03-11T10:00:00Z,2026-03-12T04:15:00Z,1030,DKCPH,2026-03-12T16:47:00Z,2026-03-12T14:47:00Z,30,False,Medium,BD,True,Verified,True,True,Ticketed,Medium,Low,Medium,602,18,Low,Airport historical delay indicator: Medium; Port agent transfer not confirmed,,Not reviewed,On time,0,True,0,No disruption
CC-0134,2026-06-15,VSL-014,SEA-0052,Third Engineer,Joining,CMB,DOH,BRE,1,125,2026-07-02T04:00:00Z,2026-07-02T15:45:00Z,1096,DEBRV,2026-07-03T03:10:00Z,2026-07-02T23:10:00Z,75,True,High,LK,True,Verified,True,True,Ticketed,Low,Low,Medium,370,15,Low,Arrival buffer between 4 and 8 hours: 370 minutes,,Not reviewed,On time,0,True,0,No disruption
CC-0135,2026-07-10,VSL-010,SEA-0054,Bosun,Joining,CGK,,HAM,0,,2026-08-10T08:00:00Z,2026-08-10T15:00:00Z,1252,DEHAM,2026-08-11T08:21:00Z,2026-08-11T00:21:00Z,45,True,Medium,ID,True,Verified,True,True,Ticketed,Medium,Low,Low,516,8,Low,Airport historical delay indicator: Medium,,Not reviewed,On time,0,True,0,No disruption
CC-0136,2026-07-27,VSL-010,SEA-0021,Master,Joining,DAC,DOH,CPH,1,152,2026-08-09T07:00:00Z,2026-08-10T02:00:00Z,1039,DKCPH,2026-08-10T10:49:00Z,2026-08-10T08:49:00Z,30,True,High,BD,True,Verified,True,True,Ticketed,Medium,Low,Medium,379,23,Low,Arrival buffer between 4 and 8 hours: 379 minutes; Airport historical delay indicator: Medium,,Not reviewed,On time,0,True,0,No disruption
CC-0137,2026-06-17,VSL-012,SEA-0079,Master,Joining,BOM,FRA,LCA,1,152,2026-07-04T23:15:00Z,2026-07-05T11:30:00Z,1190,CYLMS,2026-07-06T02:42:00Z,2026-07-06T01:42:00Z,50,True,Medium,IN,True,Verified,True,True,Ticketed,Low,Medium,Medium,802,5,Low,Weather indicator: Medium,,Not reviewed,On time,0,True,0,No disruption
CC-0138,2026-05-18,VSL-011,SEA-0067,Electrician,Joining,CMB,IST,AMS,1,150,2026-05-25T13:00:00Z,2026-05-26T01:30:00Z,1342,NLRTM,2026-05-26T21:25:00Z,2026-05-26T15:25:00Z,75,True,Medium,LK,True,Verified,True,True,Ticketed,High,Low,Medium,760,15,Low,Airport historical delay indicator: High,,Not reviewed,On time,0,True,0,No disruption
CC-0139,2026-04-08,VSL-018,SEA-0081,Second Officer,Joining,DAC,FRA,OSL,1,108,2026-04-23T03:45:00Z,2026-04-23T20:15:00Z,1648,NOOSL,2026-04-24T09:18:00Z,2026-04-24T06:18:00Z,50,True,High,BD,True,Verified,True,True,Ticketed,Low,Medium,Medium,553,5,Low,Weather indicator: Medium,,Not reviewed,On time,0,True,0,No disruption
CC-0140,2026-04-25,VSL-014,SEA-0002,Electrician,Joining,CGK,DOH,CPH,1,90,2026-06-06T20:30:00Z,2026-06-07T18:30:00Z,1688,DKCPH,2026-06-08T15:29:00Z,2026-06-08T09:29:00Z,30,True,High,ID,True,Verified,True,True,Reserved,Medium,Low,Medium,869,8,Low,Airport historical delay indicator: Medium,,Not reviewed,On time,0,True,0,No disruption
CC-0141,2026-04-28,VSL-011,SEA-0077,Chief Officer,Joining,DEL,CDG,BRE,1,75,2026-05-13T05:00:00Z,2026-05-13T22:30:00Z,828,DEBRV,2026-05-14T15:44:00Z,2026-05-14T10:44:00Z,75,True,Low,IN,True,Verified,True,True,Reserved,Low,Medium,High,659,20,Low,Short connection: 75 minutes; Weather indicator: Medium,,Not reviewed,On time,0,True,0,No disruption
CC-0142,2026-05-28,VSL-014,SEA-0083,Able Seafarer,Joining,BOM,DOH,HAM,1,127,2026-06-08T18:00:00Z,2026-06-09T06:15:00Z,1558,DEHAM,2026-06-09T22:41:00Z,2026-06-09T21:41:00Z,45,True,High,IN,True,Verified,True,True,Reserved,Medium,Low,Medium,881,8,Low,Airport historical delay indicator: Medium,,Not reviewed,On time,0,True,0,No disruption
CC-0143,2026-06-14,VSL-008,SEA-0013,Chief Engineer,Joining,DEL,,CPH,0,,2026-07-09T06:00:00Z,2026-07-09T19:45:00Z,888,DKCPH,2026-07-10T10:45:00Z,2026-07-10T08:45:00Z,30,True,High,IN,True,Verified,True,True,Reserved,Medium,Low,Low,750,8,Low,Airport historical delay indicator: Medium,,Not reviewed,On time,0,True,0,No disruption
CC-0144,2026-06-26,VSL-005,SEA-0087,Able Seafarer,Joining,BOM,DXB,BRU,1,123,2026-07-13T15:15:00Z,2026-07-14T11:45:00Z,1237,BEANR,2026-07-15T02:28:00Z,2026-07-14T19:28:00Z,50,True,Medium,IN,True,Verified,True,True,Ticketed,Medium,Low,Medium,413,23,Low,Arrival buffer between 4 and 8 hours: 413 minutes; Airport historical delay indicator: Medium,,Not reviewed,On time,0,True,0,No disruption
CC-0145,2026-05-06,VSL-001,SEA-0075,Electrician,Joining,CMB,DXB,LCA,1,169,2026-06-16T02:00:00Z,2026-06-16T15:00:00Z,1572,CYLMS,2026-06-17T01:07:00Z,2026-06-16T22:07:00Z,50,True,Medium,LK,True,Verified,True,True,Ticketed,Low,Medium,Medium,377,20,Low,Arrival buffer between 4 and 8 hours: 377 minutes; Weather indicator: Medium,,Not reviewed,On time,0,True,0,No disruption
CC-0146,2026-06-20,VSL-006,SEA-0066,Second Officer,Joining,MNL,CDG,BRU,1,165,2026-07-05T23:15:00Z,2026-07-06T16:00:00Z,1450,BEANR,2026-07-07T03:08:00Z,2026-07-06T22:08:00Z,50,True,High,PH,True,Verified,True,True,Ticketed,Medium,Low,Medium,318,23,Low,Arrival buffer between 4 and 8 hours: 318 minutes; Airport historical delay indicator: Medium,,Not reviewed,On time,0,True,0,No disruption
CC-0147,2026-04-16,VSL-011,SEA-0014,Able Seafarer,Joining,DAC,DOH,DXB,1,168,2026-05-09T16:00:00Z,2026-05-10T06:45:00Z,1710,AEDXB,2026-05-10T14:57:00Z,2026-05-10T12:57:00Z,45,True,High,BD,True,Verified,True,True,Not requested,Medium,Low,Medium,327,23,Low,Arrival buffer between 4 and 8 hours: 327 minutes; Airport historical delay indicator: Medium,,Not reviewed,Delayed but completed,228,True,180,Flight cancellation
CC-0148,2026-03-31,VSL-005,SEA-0078,Chief Officer,Joining,DEL,DOH,DXB,1,175,2026-04-21T08:15:00Z,2026-04-22T06:45:00Z,1564,AEDXB,2026-04-22T18:44:00Z,2026-04-22T16:44:00Z,45,True,High,IN,True,Verified,True,True,Ticketed,Medium,Low,Medium,554,8,Low,Airport historical delay indicator: Medium,,Not reviewed,On time,0,True,0,No disruption
CC-0149,2026-06-16,VSL-002,SEA-0090,Electrician,Joining,DAC,,DXB,0,,2026-07-31T05:00:00Z,2026-07-31T12:45:00Z,758,AEDXB,2026-08-01T05:15:00Z,2026-08-01T02:15:00Z,45,False,High,BD,True,Verified,True,True,Ticketed,Medium,Low,Low,765,18,Low,Airport historical delay indicator: Medium; Port agent transfer not confirmed,,Not reviewed,On time,0,True,0,No disruption
CC-0150,2026-05-10,VSL-004,SEA-0067,Master,Joining,CMB,CDG,LCA,1,70,2026-05-22T14:15:00Z,2026-05-23T06:00:00Z,1379,CYLMS,2026-05-24T01:24:00Z,2026-05-23T21:24:00Z,50,True,Medium,LK,True,Verified,True,True,Ticketed,Low,Medium,High,874,20,Low,Short connection: 70 minutes; Weather indicator: Medium,,Not reviewed,On time,0,True,0,No disruption
