crew_change_id,plan_created_date,vessel_code,seafarer_id,rank,movement_type,origin_airport,connection_airport,destination_airport,number_of_connections,shortest_connection_minutes,scheduled_departure,scheduled_arrival,estimated_travel_cost_eur,joining_port,vessel_eta,reporting_deadline,port_transfer_minutes,port_agent_confirmed,vessel_eta_confidence,passport_country_code,passport_valid,visa_status,medical_valid,documents_verified,ticket_status,airport_delay_risk,weather_risk,route_complexity,arrival_buffer_minutes,risk_score,risk_level,risk_reasons,human_review_status,actual_outcome,actual_delay_minutes,crew_change_completed,additional_cost_eur,outcome_reason
CC-0061,2026-01-20,VSL-015,SEA-0089,Cook,Joining,CMB,IST,BRE,1,156.0,2026-03-04 15:45:00+00:00,2026-03-05 04:15:00+00:00,1069,DEBRV,2026-03-05 23:49:00+00:00,2026-03-05 16:49:00+00:00,75,True,High,LK,True,Verified,True,True,Ticketed,Low,Low,Medium,679,0,Low,No material risk factor identified under the prototype rules,Not reviewed,On time,0,True,0,No disruption
CC-0109,2026-01-27,VSL-016,SEA-0014,Chief Engineer,Joining,BOM,FRA,ATH,1,72.0,2026-03-03 01:00:00+00:00,2026-03-03 16:15:00+00:00,980,GRPIR,2026-03-04 07:27:00+00:00,2026-03-04 03:27:00+00:00,60,True,Low,IN,True,Verified,True,True,Ticketed,Medium,Low,High,612,23,Low,Short connection: 72 minutes; Airport historical delay indicator: Medium,Not reviewed,On time,0,True,0,No disruption
CC-0119,2026-02-02,VSL-004,SEA-0030,Able Seafarer,Joining,BOM,DXB,HAM,1,179.0,2026-03-13 09:30:00+00:00,2026-03-14 07:30:00+00:00,963,DEHAM,2026-03-15 02:13:00+00:00,2026-03-14 18:13:00+00:00,45,True,High,IN,True,Verified,True,True,Ticketed,Medium,Low,Medium,598,8,Low,Airport historical delay indicator: Medium,Not reviewed,On time,0,True,0,No disruption
CC-0133,2026-02-08,VSL-015,SEA-0019,Second Engineer,Joining,DAC,IST,CPH,1,165.0,2026-03-11 10:00:00+00:00,2026-03-12 04:15:00+00:00,1030,DKCPH,2026-03-12 16:47:00+00:00,2026-03-12 14:47:00+00:00,30,False,Medium,BD,True,Verified,True,True,Ticketed,Medium,Low,Medium,602,18,Low,Airport historical delay indicator: Medium; Port agent transfer not confirmed,Not reviewed,On time,0,True,0,No disruption
CC-0017,2026-02-11,VSL-015,SEA-0045,Second Engineer,Joining,DEL,DOH,BRU,1,150.0,2026-03-05 19:15:00+00:00,2026-03-06 17:45:00+00:00,1769,BEANR,2026-03-07 16:26:00+00:00,2026-03-07 09:26:00+00:00,50,True,Medium,IN,True,Verified,True,True,Reserved,Medium,Medium,Medium,891,13,Low,Airport historical delay indicator: Medium; Weather indicator: Medium,Not reviewed,On time,0,True,0,No disruption
CC-0117,2026-02-13,VSL-008,SEA-0008,Second Officer,Joining,DAC,,SIN,0,,2026-03-17 05:30:00+00:00,2026-03-17 12:45:00+00:00,589,SGSIN,2026-03-17 23:29:00+00:00,2026-03-17 17:29:00+00:00,35,True,Low,BD,True,Verified,True,True,Ticketed,Low,Medium,Low,249,20,Low,Arrival buffer between 4 and 8 hours: 249 minutes; Weather indicator: Medium,Not reviewed,On time,0,True,0,No disruption
CC-0105,2026-02-13,VSL-003,SEA-0024,Third Engineer,Joining,DAC,DOH,BRE,1,63.0,2026-03-16 22:30:00+00:00,2026-03-17 12:15:00+00:00,1156,DEBRV,2026-03-18 06:08:00+00:00,2026-03-18 03:08:00+00:00,75,True,High,BD,True,Verified,True,True,Quoted,Low,Low,High,818,15,Low,Short connection: 63 minutes,Not reviewed,On time,0,True,0,No disruption
CC-0106,2026-02-15,VSL-006,SEA-0088,Second Engineer,Joining,CMB,,SIN,0,,2026-03-18 09:30:00+00:00,2026-03-18 20:30:00+00:00,960,SGSIN,2026-03-19 14:46:00+00:00,2026-03-19 08:46:00+00:00,35,True,High,LK,True,Verified,True,True,Ticketed,Low,Low,Low,701,0,Low,No material risk factor identified under the prototype rules,Not reviewed,On time,0,True,0,No disruption
CC-0014,2026-02-17,VSL-005,SEA-0035,Chief Engineer,Joining,MNL,DXB,OSL,1,117.0,2026-03-31 15:45:00+00:00,2026-04-01 11:15:00+00:00,822,NOOSL,2026-04-02 01:01:00+00:00,2026-04-02 00:01:00+00:00,50,False,High,PH,True,Verified,True,True,Ticketed,Low,Low,Medium,716,10,Low,Port agent transfer not confirmed,Not reviewed,On time,0,True,0,No disruption
CC-0102,2026-02-18,VSL-008,SEA-0039,Able Seafarer,Joining,DEL,,ATH,0,,2026-03-19 16:15:00+00:00,2026-03-20 00:30:00+00:00,1128,GRPIR,2026-03-20 18:34:00+00:00,2026-03-20 13:34:00+00:00,60,True,Medium,IN,True,Verified,True,True,Reserved,Medium,Low,Low,724,8,Low,Airport historical delay indicator: Medium,Not reviewed,On time,0,True,0,No disruption
CC-0035,2026-02-18,VSL-009,SEA-0081,Bosun,Joining,DEL,,AMS,0,,2026-03-15 13:15:00+00:00,2026-03-15 21:00:00+00:00,622,NLRTM,2026-03-16 15:26:00+00:00,2026-03-16 07:26:00+00:00,75,True,Medium,IN,True,Verified,True,True,Ticketed,High,Low,Low,551,15,Low,Airport historical delay indicator: High,Not reviewed,On time,0,True,0,No disruption
CC-0103,2026-02-21,VSL-005,SEA-0089,Able Seafarer,Joining,DAC,DOH,SIN,1,125.0,2026-03-04 00:15:00+00:00,2026-03-04 20:30:00+00:00,1435,SGSIN,2026-03-05 18:25:00+00:00,2026-03-05 11:25:00+00:00,35,True,High,BD,True,Verified,True,True,Reserved,Low,Low,Medium,860,0,Low,No material risk factor identified under the prototype rules,Not reviewed,On time,0,True,0,No disruption
CC-0087,2026-02-21,VSL-004,SEA-0054,Bosun,Joining,DEL,CDG,SIN,1,126.0,2026-04-01 13:45:00+00:00,2026-04-02 10:15:00+00:00,1299,SGSIN,2026-04-03 04:27:00+00:00,2026-04-02 22:27:00+00:00,35,True,Medium,IN,True,Pending verification,True,False,Reserved,Low,Low,Medium,697,20,Low,Visa/document status: Pending verification,Not reviewed,On time,0,True,0,No disruption
CC-0085,2026-02-25,VSL-015,SEA-0071,Chief Engineer,Joining,BOM,IST,LCA,1,155.0,2026-03-27 00:30:00+00:00,2026-03-27 23:00:00+00:00,982,CYLMS,2026-03-28 21:22:00+00:00,2026-03-28 14:22:00+00:00,50,True,Low,IN,True,Verified,True,True,Reserved,Low,Low,Medium,872,0,Low,No material risk factor identified under the prototype rules,Not reviewed,On time,0,True,0,No disruption
CC-0062,2026-02-27,VSL-005,SEA-0031,Chief Officer,Joining,DEL,FRA,BRE,1,179.0,2026-03-16 06:45:00+00:00,2026-03-16 22:15:00+00:00,1622,DEBRV,2026-03-17 10:46:00+00:00,2026-03-17 04:46:00+00:00,75,True,High,IN,True,Verified,True,True,Reserved,Low,Low,Medium,316,15,Low,Arrival buffer between 4 and 8 hours: 316 minutes,Not reviewed,On time,0,True,0,No disruption
CC-0070,2026-02-27,VSL-016,SEA-0090,Able Seafarer,Joining,CMB,IST,BRU,1,151.0,2026-03-11 08:45:00+00:00,2026-03-12 04:15:00+00:00,809,BEANR,2026-03-12 17:36:00+00:00,2026-03-12 10:36:00+00:00,50,False,Medium,LK,True,Verified,True,True,Reserved,Medium,Low,Medium,331,33,Medium,Arrival buffer between 4 and 8 hours: 331 minutes; Airport historical delay indicator: Medium; Port agent transfer not confirmed,Not reviewed,Delayed but completed,201,True,75,Flight cancellation
CC-0026,2026-02-28,VSL-016,SEA-0003,Able Seafarer,Joining,DAC,IST,DXB,1,154.0,2026-03-27 08:45:00+00:00,2026-03-27 21:45:00+00:00,1471,AEDXB,2026-03-28 11:26:00+00:00,2026-03-28 04:26:00+00:00,45,True,High,BD,True,Verified,True,True,Ticketed,Medium,Low,Medium,356,23,Low,Arrival buffer between 4 and 8 hours: 356 minutes; Airport historical delay indicator: Medium,Not reviewed,On time,0,True,0,No disruption
CC-0012,2026-03-02,VSL-008,SEA-0075,Bosun,Joining,DAC,IST,HAM,1,125.0,2026-03-12 02:00:00+00:00,2026-03-12 22:45:00+00:00,1461,DEHAM,2026-03-13 12:34:00+00:00,2026-03-13 09:34:00+00:00,45,True,Medium,BD,True,Manual specialist check,True,False,Ticketed,Medium,Low,Medium,604,33,Medium,Visa/document status: Manual specialist check; Airport historical delay indicator: Medium,Not reviewed,On time,0,True,0,No disruption
CC-0111,2026-03-02,VSL-007,SEA-0058,Bosun,Joining,CGK,,AMS,0,,2026-04-03 21:15:00+00:00,2026-04-04 07:00:00+00:00,1305,NLRTM,2026-04-04 21:38:00+00:00,2026-04-04 17:38:00+00:00,75,True,High,ID,True,Verified,True,True,Ticketed,High,Low,Low,563,15,Low,Airport historical delay indicator: High,Not reviewed,On time,0,True,0,No disruption
CC-0086,2026-03-03,VSL-016,SEA-0067,Third Engineer,Joining,MNL,,DXB,0,,2026-03-19 18:45:00+00:00,2026-03-20 04:15:00+00:00,450,AEDXB,2026-03-20 22:01:00+00:00,2026-03-20 16:01:00+00:00,45,True,Medium,PH,True,Verified,True,True,Reserved,Medium,Low,Low,661,8,Low,Airport historical delay indicator: Medium,Not reviewed,On time,0,True,0,No disruption
CC-0078,2026-03-04,VSL-006,SEA-0092,Able Seafarer,Joining,DEL,DXB,LCA,1,170.0,2026-04-08 20:00:00+00:00,2026-04-09 09:00:00+00:00,1353,CYLMS,2026-04-09 22:02:00+00:00,2026-04-09 19:02:00+00:00,50,False,Medium,IN,True,Potential issue,True,False,Reserved,Low,Medium,Medium,552,50,High,Visa/document status: Potential issue; Weather indicator: Medium; Port agent transfer not confirmed,Not reviewed,Failed crew change,985,False,3152,Flight delay
CC-0038,2026-03-05,VSL-003,SEA-0041,Chief Engineer,Joining,DEL,FRA,CPH,1,170.0,2026-03-18 17:45:00+00:00,2026-03-19 10:30:00+00:00,1341,DKCPH,2026-03-20 00:11:00+00:00,2026-03-19 18:11:00+00:00,30,True,High,IN,True,Pending verification,True,False,Not requested,Medium,Low,Medium,431,43,Medium,Arrival buffer between 4 and 8 hours: 431 minutes; Visa/document status: Pending verification; Airport historical delay indicator: Medium,Not reviewed,On time,0,True,0,No disruption
CC-0008,2026-03-07,VSL-008,SEA-0001,Chief Officer,Joining,DEL,CDG,SIN,1,153.0,2026-04-11 03:15:00+00:00,2026-04-12 01:45:00+00:00,731,SGSIN,2026-04-12 16:38:00+00:00,2026-04-12 10:38:00+00:00,35,True,Medium,IN,True,Pending verification,True,False,Reserved,Low,Low,Medium,498,20,Low,Visa/document status: Pending verification,Not reviewed,On time,0,True,0,No disruption
CC-0075,2026-03-07,VSL-015,SEA-0078,Able Seafarer,Joining,CMB,DXB,AMS,1,177.0,2026-04-21 19:00:00+00:00,2026-04-22 17:45:00+00:00,1323,NLRTM,2026-04-23 04:50:00+00:00,2026-04-22 21:50:00+00:00,75,True,High,LK,True,Potential issue,True,False,Reserved,High,Low,Medium,170,75,High,Arrival buffer below 4 hours: 170 minutes; Visa/document status: Potential issue; Airport historical delay indicator: High,Not reviewed,On time,0,True,0,No disruption
CC-0044,2026-03-08,VSL-003,SEA-0079,Able Seafarer,Joining,CGK,IST,BRE,1,158.0,2026-04-02 07:30:00+00:00,2026-04-02 18:30:00+00:00,1440,DEBRV,2026-04-03 03:47:00+00:00,2026-04-03 02:47:00+00:00,75,True,Medium,ID,True,Verified,True,True,Reserved,Low,Low,Medium,422,15,Low,Arrival buffer between 4 and 8 hours: 422 minutes,Not reviewed,On time,0,True,0,No disruption
CC-0018,2026-03-09,VSL-009,SEA-0023,Bosun,Joining,DEL,,BRU,0,,2026-04-07 12:45:00+00:00,2026-04-07 22:15:00+00:00,578,BEANR,2026-04-08 06:46:00+00:00,2026-04-08 01:46:00+00:00,50,False,Low,IN,True,Verified,True,True,Quoted,Medium,Low,Low,161,43,Medium,Arrival buffer below 4 hours: 161 minutes; Airport historical delay indicator: Medium; Port agent transfer not confirmed,Not reviewed,On time,0,True,0,No disruption
CC-0129,2026-03-09,VSL-016,SEA-0074,Bosun,Joining,CGK,CDG,HAM,1,152.0,2026-03-22 20:45:00+00:00,2026-03-23 10:00:00+00:00,1212,DEHAM,2026-03-23 23:55:00+00:00,2026-03-23 21:55:00+00:00,45,True,High,ID,True,Verified,True,True,Reserved,Medium,Low,Medium,670,8,Low,Airport historical delay indicator: Medium,Not reviewed,On time,0,True,0,No disruption
CC-0027,2026-03-12,VSL-004,SEA-0021,Cook,Joining,DEL,IST,OSL,1,52.0,2026-04-18 00:15:00+00:00,2026-04-18 11:30:00+00:00,1623,NOOSL,2026-04-18 20:54:00+00:00,2026-04-18 17:54:00+00:00,50,True,High,IN,True,Verified,True,True,Reserved,Low,Low,High,334,40,Medium,Tight connection: 52 minutes; Arrival buffer between 4 and 8 hours: 334 minutes,Not reviewed,On time,0,True,0,No disruption
CC-0091,2026-03-13,VSL-010,SEA-0042,Chief Engineer,Joining,CGK,,BRU,0,,2026-03-20 10:45:00+00:00,2026-03-20 20:30:00+00:00,754,BEANR,2026-03-21 03:32:00+00:00,2026-03-21 00:32:00+00:00,50,True,High,ID,True,Manual specialist check,True,False,Ticketed,Medium,High,Low,192,68,High,Arrival buffer below 4 hours: 192 minutes; Visa/document status: Manual specialist check; Airport historical delay indicator: Medium; Weather indicator: High,Not reviewed,Rebooked,668,True,916,Flight delay
CC-0089,2026-03-14,VSL-009,SEA-0079,Third Engineer,Joining,CGK,DOH,LCA,1,177.0,2026-04-10 06:30:00+00:00,2026-04-11 04:15:00+00:00,1690,CYLMS,2026-04-11 22:33:00+00:00,2026-04-11 15:33:00+00:00,50,True,Low,ID,True,Manual specialist check,True,False,Ticketed,Low,Low,Medium,628,25,Medium,Visa/document status: Manual specialist check,Not reviewed,On time,0,True,0,No disruption
CC-0132,2026-03-16,VSL-010,SEA-0054,Able Seafarer,Joining,DAC,DOH,OSL,1,91.0,2026-04-27 01:00:00+00:00,2026-04-27 19:15:00+00:00,854,NOOSL,2026-04-28 15:13:00+00:00,2026-04-28 10:13:00+00:00,50,True,High,BD,True,Pending verification,True,False,Reserved,Low,Low,Medium,848,20,Low,Visa/document status: Pending verification,Not reviewed,On time,0,True,0,No disruption
CC-0002,2026-03-18,VSL-013,SEA-0011,Electrician,Joining,DEL,DXB,HAM,1,116.0,2026-03-31 04:15:00+00:00,2026-03-31 20:15:00+00:00,1394,DEHAM,2026-04-01 07:04:00+00:00,2026-04-01 00:04:00+00:00,45,True,Medium,IN,True,Verified,True,True,Reserved,Medium,Low,Medium,184,33,Medium,Arrival buffer below 4 hours: 184 minutes; Airport historical delay indicator: Medium,Not reviewed,On time,0,True,0,No disruption
CC-0001,2026-03-19,VSL-014,SEA-0029,Third Engineer,Joining,MNL,DOH,BRE,1,102.0,2026-03-28 02:00:00+00:00,2026-03-28 23:00:00+00:00,1185,DEBRV,2026-03-29 18:49:00+00:00,2026-03-29 11:49:00+00:00,75,True,High,PH,True,Verified,True,True,Ticketed,Low,Low,Medium,694,0,Low,No material risk factor identified under the prototype rules,Not reviewed,On time,0,True,0,No disruption
CC-0066,2026-03-20,VSL-013,SEA-0017,Bosun,Joining,MNL,FRA,DXB,1,61.0,2026-05-04 00:00:00+00:00,2026-05-04 19:45:00+00:00,899,AEDXB,2026-05-05 07:50:00+00:00,2026-05-05 02:50:00+00:00,45,True,Low,PH,True,Pending verification,True,False,Ticketed,Medium,Low,High,380,58,High,Short connection: 61 minutes; Arrival buffer between 4 and 8 hours: 380 minutes; Visa/document status: Pending verification; Airport historical delay indicator: Medium,Not reviewed,On time,0,True,0,No disruption
CC-0100,2026-03-21,VSL-002,SEA-0001,Third Engineer,Joining,DAC,FRA,ATH,1,131.0,2026-04-19 23:45:00+00:00,2026-04-20 22:30:00+00:00,1547,GRPIR,2026-04-21 11:51:00+00:00,2026-04-21 08:51:00+00:00,60,True,Medium,BD,True,Verified,True,True,Ticketed,Medium,Medium,Medium,561,13,Low,Airport historical delay indicator: Medium; Weather indicator: Medium,Not reviewed,Delayed but completed,298,True,0,Severe weather
CC-0042,2026-03-24,VSL-015,SEA-0002,Able Seafarer,Joining,DAC,FRA,BRU,1,56.0,2026-05-01 18:45:00+00:00,2026-05-02 17:30:00+00:00,977,BEANR,2026-05-03 05:25:00+00:00,2026-05-03 02:25:00+00:00,50,False,High,BD,True,Manual specialist check,True,False,Quoted,Medium,Low,High,485,68,High,Tight connection: 56 minutes; Visa/document status: Manual specialist check; Airport historical delay indicator: Medium; Port agent transfer not confirmed,Not reviewed,On time,0,True,0,No disruption
CC-0097,2026-03-26,VSL-004,SEA-0023,Cook,Joining,MNL,FRA,HAM,1,53.0,2026-04-25 17:45:00+00:00,2026-04-26 07:00:00+00:00,1120,DEHAM,2026-04-27 05:19:00+00:00,2026-04-26 22:19:00+00:00,45,False,High,PH,True,Potential issue,True,False,Reserved,Medium,Low,High,874,78,High,Tight connection: 53 minutes; Visa/document status: Potential issue; Airport historical delay indicator: Medium; Port agent transfer not confirmed,Not reviewed,Failed crew change,1048,False,3108,Port transfer issue
CC-0036,2026-03-27,VSL-013,SEA-0035,Electrician,Joining,CMB,,BRU,0,,2026-04-13 15:15:00+00:00,2026-04-14 00:30:00+00:00,1255,BEANR,2026-04-14 05:03:00+00:00,2026-04-14 04:03:00+00:00,50,True,High,LK,True,Pending verification,True,False,Reserved,Medium,Low,Low,163,53,High,Arrival buffer below 4 hours: 163 minutes; Visa/document status: Pending verification; Airport historical delay indicator: Medium,Not reviewed,Failed crew change,1229,False,2819,Flight delay
CC-0071,2026-03-28,VSL-001,SEA-0081,Electrician,Joining,CMB,IST,LCA,1,49.0,2026-04-19 16:15:00+00:00,2026-04-20 06:00:00+00:00,1761,CYLMS,2026-04-20 15:13:00+00:00,2026-04-20 10:13:00+00:00,50,True,High,LK,True,Verified,True,True,Ticketed,Low,Low,High,203,50,High,Tight connection: 49 minutes; Arrival buffer below 4 hours: 203 minutes,Not reviewed,Rebooked,244,True,363,Flight delay
CC-0126,2026-03-28,VSL-016,SEA-0049,Second Engineer,Joining,CMB,,OSL,0,,2026-04-10 17:15:00+00:00,2026-04-11 05:15:00+00:00,720,NOOSL,2026-04-11 18:33:00+00:00,2026-04-11 13:33:00+00:00,50,True,High,LK,True,Verified,True,True,Ticketed,Low,Low,Low,448,15,Low,Arrival buffer between 4 and 8 hours: 448 minutes,Not reviewed,On time,0,True,0,No disruption
CC-0029,2026-03-31,VSL-009,SEA-0042,Able Seafarer,Joining,CMB,,ATH,0,,2026-05-10 07:45:00+00:00,2026-05-10 20:00:00+00:00,1045,GRPIR,2026-05-11 08:55:00+00:00,2026-05-11 05:55:00+00:00,60,True,Medium,LK,True,Manual specialist check,True,False,Ticketed,Medium,Low,Low,535,33,Medium,Visa/document status: Manual specialist check; Airport historical delay indicator: Medium,Not reviewed,On time,0,True,0,No disruption
CC-0083,2026-03-31,VSL-002,SEA-0038,Cook,Joining,CMB,DXB,ATH,1,81.0,2026-04-30 16:30:00+00:00,2026-05-01 15:00:00+00:00,1236,GRPIR,2026-05-02 03:18:00+00:00,2026-05-02 00:18:00+00:00,60,True,Medium,LK,True,Verified,True,True,Reserved,Medium,Low,High,498,23,Low,Short connection: 81 minutes; Airport historical delay indicator: Medium,Not reviewed,On time,0,True,0,No disruption
CC-0148,2026-03-31,VSL-005,SEA-0078,Chief Officer,Joining,DEL,DOH,DXB,1,175.0,2026-04-21 08:15:00+00:00,2026-04-22 06:45:00+00:00,1564,AEDXB,2026-04-22 18:44:00+00:00,2026-04-22 16:44:00+00:00,45,True,High,IN,True,Verified,True,True,Ticketed,Medium,Low,Medium,554,8,Low,Airport historical delay indicator: Medium,Not reviewed,On time,0,True,0,No disruption
CC-0110,2026-04-01,VSL-004,SEA-0003,Able Seafarer,Joining,MNL,DOH,BRE,1,134.0,2026-04-30 13:30:00+00:00,2026-05-01 07:45:00+00:00,979,DEBRV,2026-05-02 03:23:00+00:00,2026-05-01 19:23:00+00:00,75,True,Medium,PH,True,Verified,True,True,Ticketed,Low,Low,Medium,623,0,Low,No material risk factor identified under the prototype rules,Not reviewed,On time,0,True,0,No disruption
CC-0060,2026-04-03,VSL-017,SEA-0072,Able Seafarer,Joining,MNL,,DXB,0,,2026-04-28 12:15:00+00:00,2026-04-29 01:30:00+00:00,703,AEDXB,2026-04-29 21:47:00+00:00,2026-04-29 16:47:00+00:00,45,True,Medium,PH,True,Verified,True,True,Ticketed,Medium,Low,Low,872,8,Low,Airport historical delay indicator: Medium,Not reviewed,On time,0,True,0,No disruption
CC-0025,2026-04-03,VSL-005,SEA-0080,Electrician,Joining,DAC,IST,HAM,1,135.0,2026-04-27 23:45:00+00:00,2026-04-28 17:00:00+00:00,1148,DEHAM,2026-04-29 07:34:00+00:00,2026-04-29 03:34:00+00:00,45,True,Low,BD,True,Verified,True,True,Ticketed,Medium,Low,Medium,589,8,Low,Airport historical delay indicator: Medium,Not reviewed,On time,0,True,0,No disruption
CC-0072,2026-04-05,VSL-002,SEA-0082,Second Engineer,Joining,BOM,CDG,AMS,1,135.0,2026-04-16 17:45:00+00:00,2026-04-17 06:45:00+00:00,869,NLRTM,2026-04-18 00:26:00+00:00,2026-04-17 18:26:00+00:00,75,True,High,IN,True,Manual specialist check,True,False,Ticketed,High,Low,Medium,626,40,Medium,Visa/document status: Manual specialist check; Airport historical delay indicator: High,Not reviewed,On time,0,True,0,No disruption
CC-0064,2026-04-05,VSL-011,SEA-0078,Third Engineer,Joining,BOM,IST,BRE,1,59.0,2026-05-11 14:30:00+00:00,2026-05-12 02:30:00+00:00,1872,DEBRV,2026-05-12 22:44:00+00:00,2026-05-12 15:44:00+00:00,75,True,High,IN,True,Verified,True,True,Ticketed,Low,High,High,719,35,Medium,Tight connection: 59 minutes; Weather indicator: High,Not reviewed,On time,0,True,0,No disruption
CC-0104,2026-04-07,VSL-014,SEA-0024,Bosun,Joining,MNL,,OSL,0,,2026-04-15 01:00:00+00:00,2026-04-15 10:45:00+00:00,1116,NOOSL,2026-04-16 08:17:00+00:00,2026-04-16 02:17:00+00:00,50,True,Medium,PH,True,Verified,True,True,Ticketed,Low,Medium,Low,882,5,Low,Weather indicator: Medium,Not reviewed,On time,0,True,0,No disruption
CC-0010,2026-04-07,VSL-018,SEA-0013,Chief Officer,Joining,CGK,IST,HAM,1,60.0,2026-05-18 04:30:00+00:00,2026-05-18 16:45:00+00:00,1633,DEHAM,2026-05-19 02:16:00+00:00,2026-05-18 22:16:00+00:00,45,True,Low,ID,True,Verified,True,True,Ticketed,Medium,Low,High,286,38,Medium,Short connection: 60 minutes; Arrival buffer between 4 and 8 hours: 286 minutes; Airport historical delay indicator: Medium,Not reviewed,On time,0,True,0,No disruption
CC-0048,2026-04-08,VSL-013,SEA-0002,Chief Engineer,Joining,DAC,DXB,OSL,1,87.0,2026-04-19 21:45:00+00:00,2026-04-20 13:15:00+00:00,1407,NOOSL,2026-04-21 01:32:00+00:00,2026-04-20 17:32:00+00:00,50,False,High,BD,True,Verified,True,True,Quoted,Low,High,High,207,60,High,Short connection: 87 minutes; Arrival buffer below 4 hours: 207 minutes; Weather indicator: High; Port agent transfer not confirmed,Not reviewed,Rebooked,1046,True,1073,Flight delay
CC-0139,2026-04-08,VSL-018,SEA-0081,Second Officer,Joining,DAC,FRA,OSL,1,108.0,2026-04-23 03:45:00+00:00,2026-04-23 20:15:00+00:00,1648,NOOSL,2026-04-24 09:18:00+00:00,2026-04-24 06:18:00+00:00,50,True,High,BD,True,Verified,True,True,Ticketed,Low,Medium,Medium,553,5,Low,Weather indicator: Medium,Not reviewed,On time,0,True,0,No disruption
CC-0128,2026-04-08,VSL-005,SEA-0016,Cook,Joining,DAC,,BRU,0,,2026-05-15 04:45:00+00:00,2026-05-15 16:30:00+00:00,1134,BEANR,2026-05-16 08:36:00+00:00,2026-05-16 04:36:00+00:00,50,False,High,BD,True,Verified,True,True,Ticketed,Medium,Low,Low,676,18,Low,Airport historical delay indicator: Medium; Port agent transfer not confirmed,Not reviewed,On time,0,True,0,No disruption
CC-0053,2026-04-10,VSL-002,SEA-0094,Able Seafarer,Joining,BOM,,DXB,0,,2026-04-21 12:00:00+00:00,2026-04-21 20:45:00+00:00,909,AEDXB,2026-04-22 09:58:00+00:00,2026-04-22 07:58:00+00:00,45,True,Medium,IN,True,Verified,True,True,Ticketed,Medium,Medium,Low,628,13,Low,Airport historical delay indicator: Medium; Weather indicator: Medium,Not reviewed,On time,0,True,0,No disruption
CC-0016,2026-04-11,VSL-014,SEA-0080,Able Seafarer,Joining,DAC,,AMS,0,,2026-05-11 16:15:00+00:00,2026-05-12 02:30:00+00:00,912,NLRTM,2026-05-12 10:57:00+00:00,2026-05-12 05:57:00+00:00,75,False,Low,BD,True,Pending verification,True,False,Ticketed,High,Medium,Low,132,75,High,Arrival buffer below 4 hours: 132 minutes; Visa/document status: Pending verification; Airport historical delay indicator: High; Weather indicator: Medium; Port agent transfer not confirmed,Not reviewed,Failed crew change,1742,False,1321,Severe weather
CC-0122,2026-04-13,VSL-007,SEA-0058,Second Engineer,Joining,CGK,DXB,ATH,1,126.0,2026-05-27 22:30:00+00:00,2026-05-28 12:30:00+00:00,1047,GRPIR,2026-05-28 21:27:00+00:00,2026-05-28 18:27:00+00:00,60,True,High,ID,True,Verified,True,True,Reserved,Medium,Low,Medium,297,23,Low,Arrival buffer between 4 and 8 hours: 297 minutes; Airport historical delay indicator: Medium,Not reviewed,On time,0,True,0,No disruption
CC-0076,2026-04-15,VSL-012,SEA-0047,Second Engineer,Joining,BOM,DXB,LCA,1,156.0,2026-04-23 07:00:00+00:00,2026-04-23 19:45:00+00:00,838,CYLMS,2026-04-24 07:17:00+00:00,2026-04-24 04:17:00+00:00,50,True,High,IN,True,Verified,True,True,Ticketed,Low,Low,Medium,462,15,Low,Arrival buffer between 4 and 8 hours: 462 minutes,Not reviewed,On time,0,True,0,No disruption
CC-0039,2026-04-15,VSL-008,SEA-0091,Second Officer,Joining,DAC,IST,ATH,1,163.0,2026-05-20 05:00:00+00:00,2026-05-20 19:30:00+00:00,788,GRPIR,2026-05-21 16:37:00+00:00,2026-05-21 08:37:00+00:00,60,True,High,BD,True,Pending verification,True,False,Ticketed,Medium,Low,Medium,727,28,Medium,Visa/document status: Pending verification; Airport historical delay indicator: Medium,Not reviewed,Rebooked,895,True,746,Flight delay
CC-0024,2026-04-16,VSL-014,SEA-0050,Cook,Joining,CGK,DXB,BRE,1,130.0,2026-05-02 01:00:00+00:00,2026-05-02 14:15:00+00:00,1106,DEBRV,2026-05-03 03:56:00+00:00,2026-05-02 20:56:00+00:00,75,True,High,ID,True,Verified,True,True,Reserved,Low,Low,Medium,326,15,Low,Arrival buffer between 4 and 8 hours: 326 minutes,Not reviewed,On time,0,True,0,No disruption
CC-0080,2026-04-16,VSL-002,SEA-0016,Electrician,Joining,DAC,,ATH,0,,2026-05-01 13:00:00+00:00,2026-05-01 23:45:00+00:00,682,GRPIR,2026-05-02 19:51:00+00:00,2026-05-02 13:51:00+00:00,60,True,High,BD,True,Pending verification,True,False,Ticketed,Medium,Medium,Low,786,33,Medium,Visa/document status: Pending verification; Airport historical delay indicator: Medium; Weather indicator: Medium,Not reviewed,On time,0,True,0,No disruption
CC-0147,2026-04-16,VSL-011,SEA-0014,Able Seafarer,Joining,DAC,DOH,DXB,1,168.0,2026-05-09 16:00:00+00:00,2026-05-10 06:45:00+00:00,1710,AEDXB,2026-05-10 14:57:00+00:00,2026-05-10 12:57:00+00:00,45,True,High,BD,True,Verified,True,True,Not requested,Medium,Low,Medium,327,23,Low,Arrival buffer between 4 and 8 hours: 327 minutes; Airport historical delay indicator: Medium,Not reviewed,Delayed but completed,228,True,180,Flight cancellation
CC-0020,2026-04-17,VSL-007,SEA-0056,Able Seafarer,Joining,DAC,FRA,CPH,1,128.0,2026-05-18 03:30:00+00:00,2026-05-18 22:45:00+00:00,1211,DKCPH,2026-05-19 11:01:00+00:00,2026-05-19 04:01:00+00:00,30,True,Medium,BD,True,Verified,True,True,Reserved,Medium,Medium,Medium,286,28,Medium,Arrival buffer between 4 and 8 hours: 286 minutes; Airport historical delay indicator: Medium; Weather indicator: Medium,Not reviewed,On time,0,True,0,No disruption
CC-0127,2026-04-19,VSL-012,SEA-0070,Third Engineer,Joining,MNL,FRA,CPH,1,92.0,2026-05-12 01:45:00+00:00,2026-05-12 18:00:00+00:00,1145,DKCPH,2026-05-13 04:36:00+00:00,2026-05-13 03:36:00+00:00,30,True,Medium,PH,True,Verified,True,True,Quoted,Medium,Low,Medium,546,8,Low,Airport historical delay indicator: Medium,Not reviewed,On time,0,True,0,No disruption
CC-0019,2026-04-20,VSL-011,SEA-0085,Able Seafarer,Joining,MNL,DXB,HAM,1,125.0,2026-05-24 17:00:00+00:00,2026-05-25 10:15:00+00:00,1061,DEHAM,2026-05-25 17:50:00+00:00,2026-05-25 16:50:00+00:00,45,True,Medium,PH,True,Verified,True,True,Ticketed,Medium,Medium,Medium,350,28,Medium,Arrival buffer between 4 and 8 hours: 350 minutes; Airport historical delay indicator: Medium; Weather indicator: Medium,Not reviewed,Delayed but completed,216,True,180,Flight delay
CC-0120,2026-04-21,VSL-008,SEA-0054,Third Engineer,Joining,DEL,,BRU,0,,2026-05-19 14:00:00+00:00,2026-05-19 22:30:00+00:00,656,BEANR,2026-05-20 12:41:00+00:00,2026-05-20 11:41:00+00:00,50,True,High,IN,True,Verified,True,True,Reserved,Medium,Low,Low,741,8,Low,Airport historical delay indicator: Medium,Not reviewed,On time,0,True,0,No disruption
CC-0124,2026-04-21,VSL-015,SEA-0020,Master,Joining,MNL,,OSL,0,,2026-05-29 12:00:00+00:00,2026-05-29 20:45:00+00:00,741,NOOSL,2026-05-30 18:26:00+00:00,2026-05-30 11:26:00+00:00,50,True,Medium,PH,True,Verified,True,True,Reserved,Low,Low,Low,831,0,Low,No material risk factor identified under the prototype rules,Not reviewed,On time,0,True,0,No disruption
CC-0074,2026-04-22,VSL-013,SEA-0057,Able Seafarer,Joining,MNL,DXB,BRU,1,176.0,2026-05-17 07:45:00+00:00,2026-05-17 22:45:00+00:00,965,BEANR,2026-05-18 17:56:00+00:00,2026-05-18 13:56:00+00:00,50,False,High,PH,True,Verified,True,True,Ticketed,Medium,Medium,Medium,861,23,Low,Airport historical delay indicator: Medium; Weather indicator: Medium; Port agent transfer not confirmed,Not reviewed,On time,0,True,0,No disruption
CC-0045,2026-04-23,VSL-014,SEA-0089,Chief Engineer,Joining,CMB,DOH,BRU,1,104.0,2026-05-29 13:30:00+00:00,2026-05-30 08:00:00+00:00,1303,BEANR,2026-05-30 22:42:00+00:00,2026-05-30 21:42:00+00:00,50,True,Medium,LK,True,Manual specialist check,True,False,Reserved,Medium,Low,Medium,772,33,Medium,Visa/document status: Manual specialist check; Airport historical delay indicator: Medium,Not reviewed,On time,0,True,0,No disruption
CC-0107,2026-04-24,VSL-010,SEA-0001,Cook,Joining,BOM,IST,CPH,1,87.0,2026-05-24 09:30:00+00:00,2026-05-25 03:00:00+00:00,1084,DKCPH,2026-05-25 15:15:00+00:00,2026-05-25 13:15:00+00:00,30,True,High,IN,True,Verified,True,True,Quoted,Medium,Low,High,585,23,Low,Short connection: 87 minutes; Airport historical delay indicator: Medium,Not reviewed,On time,0,True,0,No disruption
CC-0093,2026-04-24,VSL-006,SEA-0079,Able Seafarer,Joining,DAC,DOH,SIN,1,174.0,2026-05-30 21:30:00+00:00,2026-05-31 11:30:00+00:00,970,SGSIN,2026-05-31 22:13:00+00:00,2026-05-31 19:13:00+00:00,35,True,Medium,BD,True,Verified,True,True,Ticketed,Low,Medium,Medium,428,20,Low,Arrival buffer between 4 and 8 hours: 428 minutes; Weather indicator: Medium,Not reviewed,On time,0,True,0,No disruption
CC-0077,2026-04-24,VSL-018,SEA-0016,Chief Engineer,Joining,DEL,FRA,DXB,1,140.0,2026-05-26 04:00:00+00:00,2026-05-27 00:15:00+00:00,863,AEDXB,2026-05-27 17:32:00+00:00,2026-05-27 11:32:00+00:00,45,False,High,IN,True,Verified,True,True,Reserved,Medium,Low,Medium,632,18,Low,Airport historical delay indicator: Medium; Port agent transfer not confirmed,Not reviewed,On time,0,True,0,No disruption
CC-0096,2026-04-24,VSL-014,SEA-0045,Able Seafarer,Joining,CMB,,HAM,0,,2026-05-20 16:45:00+00:00,2026-05-21 03:45:00+00:00,1142,DEHAM,2026-05-21 23:32:00+00:00,2026-05-21 15:32:00+00:00,45,True,High,LK,True,Verified,True,True,Quoted,Medium,Low,Low,662,8,Low,Airport historical delay indicator: Medium,Not reviewed,On time,0,True,0,No disruption
CC-0140,2026-04-25,VSL-014,SEA-0002,Electrician,Joining,CGK,DOH,CPH,1,90.0,2026-06-06 20:30:00+00:00,2026-06-07 18:30:00+00:00,1688,DKCPH,2026-06-08 15:29:00+00:00,2026-06-08 09:29:00+00:00,30,True,High,ID,True,Verified,True,True,Reserved,Medium,Low,Medium,869,8,Low,Airport historical delay indicator: Medium,Not reviewed,On time,0,True,0,No disruption
CC-0009,2026-04-26,VSL-012,SEA-0055,Third Engineer,Joining,MNL,DXB,BRU,1,63.0,2026-06-08 20:15:00+00:00,2026-06-09 12:00:00+00:00,795,BEANR,2026-06-09 20:59:00+00:00,2026-06-09 17:59:00+00:00,50,True,Medium,PH,True,Verified,True,True,Ticketed,Medium,Low,High,309,38,Medium,Short connection: 63 minutes; Arrival buffer between 4 and 8 hours: 309 minutes; Airport historical delay indicator: Medium,Not reviewed,On time,0,True,0,No disruption
CC-0141,2026-04-28,VSL-011,SEA-0077,Chief Officer,Joining,DEL,CDG,BRE,1,75.0,2026-05-13 05:00:00+00:00,2026-05-13 22:30:00+00:00,828,DEBRV,2026-05-14 15:44:00+00:00,2026-05-14 10:44:00+00:00,75,True,Low,IN,True,Verified,True,True,Reserved,Low,Medium,High,659,20,Low,Short connection: 75 minutes; Weather indicator: Medium,Not reviewed,On time,0,True,0,No disruption
CC-0101,2026-04-30,VSL-010,SEA-0003,Electrician,Joining,MNL,IST,BRU,1,100.0,2026-06-07 04:45:00+00:00,2026-06-07 20:45:00+00:00,1529,BEANR,2026-06-08 17:37:00+00:00,2026-06-08 09:37:00+00:00,50,True,Medium,PH,True,Verified,True,True,Ticketed,Medium,Low,Medium,722,8,Low,Airport historical delay indicator: Medium,Not reviewed,On time,0,True,0,No disruption
CC-0011,2026-05-01,VSL-016,SEA-0020,Second Officer,Joining,MNL,DOH,HAM,1,87.0,2026-05-18 22:45:00+00:00,2026-05-19 17:00:00+00:00,1647,DEHAM,2026-05-20 03:05:00+00:00,2026-05-20 02:05:00+00:00,45,True,High,PH,True,Verified,True,True,Ticketed,Medium,High,High,500,33,Medium,Short connection: 87 minutes; Airport historical delay indicator: Medium; Weather indicator: High,Not reviewed,Delayed but completed,176,True,180,Flight delay
CC-0037,2026-05-02,VSL-006,SEA-0061,Electrician,Joining,DAC,,BRE,0,,2026-05-23 21:30:00+00:00,2026-05-24 09:00:00+00:00,591,DEBRV,2026-05-24 14:11:00+00:00,2026-05-24 12:11:00+00:00,75,True,High,BD,True,Manual specialist check,True,False,Ticketed,Low,Medium,Low,116,55,High,Arrival buffer below 4 hours: 116 minutes; Visa/document status: Manual specialist check; Weather indicator: Medium,Not reviewed,Failed crew change,1823,False,3260,Flight delay
CC-0031,2026-05-05,VSL-015,SEA-0035,Second Engineer,Joining,DAC,FRA,LCA,1,170.0,2026-05-27 00:00:00+00:00,2026-05-27 12:30:00+00:00,1366,CYLMS,2026-05-28 01:36:00+00:00,2026-05-27 18:36:00+00:00,50,True,High,BD,True,Verified,True,True,Reserved,Low,Low,Medium,316,15,Low,Arrival buffer between 4 and 8 hours: 316 minutes,Not reviewed,On time,0,True,0,No disruption
CC-0145,2026-05-06,VSL-001,SEA-0075,Electrician,Joining,CMB,DXB,LCA,1,169.0,2026-06-16 02:00:00+00:00,2026-06-16 15:00:00+00:00,1572,CYLMS,2026-06-17 01:07:00+00:00,2026-06-16 22:07:00+00:00,50,True,Medium,LK,True,Verified,True,True,Ticketed,Low,Medium,Medium,377,20,Low,Arrival buffer between 4 and 8 hours: 377 minutes; Weather indicator: Medium,Not reviewed,On time,0,True,0,No disruption
CC-0059,2026-05-06,VSL-017,SEA-0086,Second Engineer,Joining,CGK,,HAM,0,,2026-05-26 01:45:00+00:00,2026-05-26 12:30:00+00:00,1244,DEHAM,2026-05-27 02:49:00+00:00,2026-05-26 21:49:00+00:00,45,True,High,ID,True,Pending verification,True,False,Ticketed,Medium,Low,Low,514,28,Medium,Visa/document status: Pending verification; Airport historical delay indicator: Medium,Not reviewed,On time,0,True,0,No disruption
CC-0046,2026-05-06,VSL-016,SEA-0037,Able Seafarer,Joining,CMB,IST,BRU,1,105.0,2026-05-14 01:30:00+00:00,2026-05-14 22:00:00+00:00,1377,BEANR,2026-05-15 17:16:00+00:00,2026-05-15 12:16:00+00:00,50,True,High,LK,True,Potential issue,True,False,Reserved,Medium,Low,Medium,806,43,Medium,Visa/document status: Potential issue; Airport historical delay indicator: Medium,Not reviewed,On time,0,True,0,No disruption
CC-0015,2026-05-10,VSL-004,SEA-0010,Cook,Joining,DEL,DXB,OSL,1,174.0,2026-06-03 20:30:00+00:00,2026-06-04 07:30:00+00:00,1432,NOOSL,2026-06-05 03:39:00+00:00,2026-06-04 20:39:00+00:00,50,True,Medium,IN,True,Verified,True,True,Ticketed,Low,Low,Medium,739,0,Low,No material risk factor identified under the prototype rules,Not reviewed,Rebooked,939,True,702,Flight delay
CC-0150,2026-05-10,VSL-004,SEA-0067,Master,Joining,CMB,CDG,LCA,1,70.0,2026-05-22 14:15:00+00:00,2026-05-23 06:00:00+00:00,1379,CYLMS,2026-05-24 01:24:00+00:00,2026-05-23 21:24:00+00:00,50,True,Medium,LK,True,Verified,True,True,Ticketed,Low,Medium,High,874,20,Low,Short connection: 70 minutes; Weather indicator: Medium,Not reviewed,On time,0,True,0,No disruption
CC-0099,2026-05-14,VSL-018,SEA-0042,Able Seafarer,Joining,DEL,CDG,BRE,1,100.0,2026-06-02 02:15:00+00:00,2026-06-02 18:45:00+00:00,1062,DEBRV,2026-06-03 01:45:00+00:00,2026-06-02 21:45:00+00:00,75,False,High,IN,True,Manual specialist check,True,False,Ticketed,Low,Low,Medium,105,60,High,Arrival buffer below 4 hours: 105 minutes; Visa/document status: Manual specialist check; Port agent transfer not confirmed,Not reviewed,Delayed but completed,339,True,350,Document issue
CC-0056,2026-05-15,VSL-010,SEA-0046,Chief Officer,Joining,MNL,DXB,BRE,1,78.0,2026-06-17 00:00:00+00:00,2026-06-17 20:30:00+00:00,1414,DEBRV,2026-06-18 12:41:00+00:00,2026-06-18 10:41:00+00:00,75,True,High,PH,True,Verified,True,True,Ticketed,Low,Low,High,776,15,Low,Short connection: 78 minutes,Not reviewed,On time,0,True,0,No disruption
CC-0138,2026-05-18,VSL-011,SEA-0067,Electrician,Joining,CMB,IST,AMS,1,150.0,2026-05-25 13:00:00+00:00,2026-05-26 01:30:00+00:00,1342,NLRTM,2026-05-26 21:25:00+00:00,2026-05-26 15:25:00+00:00,75,True,Medium,LK,True,Verified,True,True,Ticketed,High,Low,Medium,760,15,Low,Airport historical delay indicator: High,Not reviewed,On time,0,True,0,No disruption
CC-0021,2026-05-19,VSL-008,SEA-0061,Bosun,Joining,CMB,DOH,OSL,1,175.0,2026-05-31 21:15:00+00:00,2026-06-01 18:15:00+00:00,928,NOOSL,2026-06-02 07:25:00+00:00,2026-06-02 01:25:00+00:00,50,True,Medium,LK,True,Pending verification,True,False,Not requested,Low,Medium,Medium,380,40,Medium,Arrival buffer between 4 and 8 hours: 380 minutes; Visa/document status: Pending verification; Weather indicator: Medium,Not reviewed,On time,0,True,0,No disruption
CC-0069,2026-05-19,VSL-017,SEA-0019,Able Seafarer,Joining,CMB,FRA,LCA,1,173.0,2026-06-11 10:45:00+00:00,2026-06-12 00:00:00+00:00,1513,CYLMS,2026-06-12 15:39:00+00:00,2026-06-12 12:39:00+00:00,50,True,High,LK,True,Verified,True,True,Reserved,Low,Low,Medium,709,0,Low,No material risk factor identified under the prototype rules,Not reviewed,Delayed but completed,175,True,0,Flight delay
CC-0068,2026-05-20,VSL-016,SEA-0025,Second Engineer,Joining,MNL,CDG,SIN,1,78.0,2026-06-24 23:45:00+00:00,2026-06-25 13:00:00+00:00,1139,SGSIN,2026-06-25 21:10:00+00:00,2026-06-25 18:10:00+00:00,35,True,Low,PH,True,Verified,True,True,Ticketed,Low,Low,High,275,30,Medium,Short connection: 78 minutes; Arrival buffer between 4 and 8 hours: 275 minutes,Not reviewed,Failed crew change,2558,False,1858,Flight delay
CC-0113,2026-05-20,VSL-008,SEA-0027,Able Seafarer,Joining,BOM,IST,SIN,1,157.0,2026-06-15 02:15:00+00:00,2026-06-15 19:15:00+00:00,833,SGSIN,2026-06-16 13:53:00+00:00,2026-06-16 09:53:00+00:00,35,True,High,IN,True,Pending verification,True,False,Ticketed,Low,Low,Medium,843,20,Low,Visa/document status: Pending verification,Not reviewed,On time,0,True,0,No disruption
CC-0032,2026-05-20,VSL-010,SEA-0030,Second Engineer,Joining,BOM,,BRU,0,,2026-06-13 01:15:00+00:00,2026-06-13 09:30:00+00:00,652,BEANR,2026-06-14 08:26:00+00:00,2026-06-14 00:26:00+00:00,50,True,High,IN,True,Verified,True,True,Ticketed,Medium,High,Low,846,18,Low,Airport historical delay indicator: Medium; Weather indicator: High,Not reviewed,On time,0,True,0,No disruption
CC-0054,2026-05-22,VSL-011,SEA-0049,Cook,Joining,BOM,IST,SIN,1,60.0,2026-06-02 00:45:00+00:00,2026-06-02 17:45:00+00:00,1364,SGSIN,2026-06-03 12:12:00+00:00,2026-06-03 04:12:00+00:00,35,True,High,IN,True,Pending verification,True,False,Ticketed,Low,Low,High,592,35,Medium,Short connection: 60 minutes; Visa/document status: Pending verification,Not reviewed,On time,0,True,0,No disruption
CC-0108,2026-05-25,VSL-016,SEA-0018,Bosun,Joining,DAC,,BRE,0,,2026-06-14 22:15:00+00:00,2026-06-15 10:15:00+00:00,1364,DEBRV,2026-06-16 09:24:00+00:00,2026-06-16 01:24:00+00:00,75,True,High,BD,True,Verified,True,True,Ticketed,Low,Low,Low,834,0,Low,No material risk factor identified under the prototype rules,Not reviewed,On time,0,True,0,No disruption
CC-0081,2026-05-25,VSL-011,SEA-0073,Master,Joining,BOM,DOH,AMS,1,133.0,2026-06-09 18:30:00+00:00,2026-06-10 07:00:00+00:00,1553,NLRTM,2026-06-10 18:06:00+00:00,2026-06-10 13:06:00+00:00,75,True,Medium,IN,True,Verified,True,True,Reserved,High,Low,Medium,291,30,Medium,Arrival buffer between 4 and 8 hours: 291 minutes; Airport historical delay indicator: High,Not reviewed,On time,0,True,0,No disruption
CC-0112,2026-05-25,VSL-018,SEA-0066,Chief Officer,Joining,CMB,,LCA,0,,2026-06-18 18:00:00+00:00,2026-06-19 07:15:00+00:00,1341,CYLMS,2026-06-19 15:34:00+00:00,2026-06-19 14:34:00+00:00,50,True,High,LK,True,Verified,True,True,Ticketed,Low,Low,Low,389,15,Low,Arrival buffer between 4 and 8 hours: 389 minutes,Not reviewed,On time,0,True,0,No disruption
CC-0142,2026-05-28,VSL-014,SEA-0083,Able Seafarer,Joining,BOM,DOH,HAM,1,127.0,2026-06-08 18:00:00+00:00,2026-06-09 06:15:00+00:00,1558,DEHAM,2026-06-09 22:41:00+00:00,2026-06-09 21:41:00+00:00,45,True,High,IN,True,Verified,True,True,Reserved,Medium,Low,Medium,881,8,Low,Airport historical delay indicator: Medium,Not reviewed,On time,0,True,0,No disruption
CC-0082,2026-05-28,VSL-015,SEA-0010,Able Seafarer,Joining,MNL,CDG,BRE,1,112.0,2026-07-05 10:15:00+00:00,2026-07-06 07:00:00+00:00,1250,DEBRV,2026-07-06 21:17:00+00:00,2026-07-06 20:17:00+00:00,75,True,High,PH,True,Pending verification,True,False,Ticketed,Low,Low,Medium,722,20,Low,Visa/document status: Pending verification,Not reviewed,On time,0,True,0,No disruption
CC-0007,2026-05-30,VSL-018,SEA-0017,Chief Officer,Joining,DAC,CDG,AMS,1,45.0,2026-06-25 07:30:00+00:00,2026-06-26 01:30:00+00:00,1647,NLRTM,2026-06-26 12:09:00+00:00,2026-06-26 06:09:00+00:00,75,True,High,BD,True,Verified,True,True,Ticketed,High,Low,High,204,65,High,Tight connection: 45 minutes; Arrival buffer below 4 hours: 204 minutes; Airport historical delay indicator: High,Not reviewed,On time,0,True,0,No disruption
CC-0034,2026-05-31,VSL-007,SEA-0081,Second Officer,Joining,MNL,IST,CPH,1,151.0,2026-06-26 17:15:00+00:00,2026-06-27 13:00:00+00:00,1324,DKCPH,2026-06-28 06:41:00+00:00,2026-06-27 22:41:00+00:00,30,True,Medium,PH,True,Pending verification,True,False,Ticketed,Medium,High,Medium,551,38,Medium,Visa/document status: Pending verification; Airport historical delay indicator: Medium; Weather indicator: High,Not reviewed,On time,0,True,0,No disruption
CC-0051,2026-05-31,VSL-002,SEA-0043,Second Officer,Joining,DEL,IST,LCA,1,139.0,2026-06-14 17:30:00+00:00,2026-06-15 05:15:00+00:00,1609,CYLMS,2026-06-15 16:17:00+00:00,2026-06-15 12:17:00+00:00,50,True,High,IN,True,Manual specialist check,True,False,Ticketed,Low,Medium,Medium,372,45,Medium,Arrival buffer between 4 and 8 hours: 372 minutes; Visa/document status: Manual specialist check; Weather indicator: Medium,Not reviewed,On time,0,True,0,No disruption
CC-0030,2026-06-01,VSL-017,SEA-0025,Chief Officer,Joining,BOM,DOH,BRE,1,163.0,2026-06-19 15:45:00+00:00,2026-06-20 07:45:00+00:00,1401,DEBRV,2026-06-21 00:56:00+00:00,2026-06-20 18:56:00+00:00,75,True,Medium,IN,True,Verified,True,True,Ticketed,Low,Low,Medium,596,0,Low,No material risk factor identified under the prototype rules,Not reviewed,On time,0,True,0,No disruption
CC-0095,2026-06-01,VSL-016,SEA-0012,Able Seafarer,Joining,CGK,DOH,SIN,1,65.0,2026-06-11 01:45:00+00:00,2026-06-11 21:15:00+00:00,887,SGSIN,2026-06-12 02:39:00+00:00,2026-06-12 00:39:00+00:00,35,True,High,ID,True,Pending verification,True,False,Reserved,Low,Medium,High,169,65,High,Short connection: 65 minutes; Arrival buffer below 4 hours: 169 minutes; Visa/document status: Pending verification; Weather indicator: Medium,Not reviewed,Delayed but completed,197,True,250,Flight delay
CC-0033,2026-06-01,VSL-002,SEA-0020,Second Officer,Joining,DEL,IST,SIN,1,119.0,2026-07-14 10:15:00+00:00,2026-07-15 08:00:00+00:00,1322,SGSIN,2026-07-15 12:50:00+00:00,2026-07-15 11:50:00+00:00,35,True,High,IN,True,Verified,True,True,Ticketed,Low,Low,Medium,195,25,Medium,Arrival buffer below 4 hours: 195 minutes,Not reviewed,Failed crew change,2676,False,1367,Vessel ETA change
CC-0028,2026-06-02,VSL-003,SEA-0065,Bosun,Joining,BOM,FRA,HAM,1,146.0,2026-07-17 20:15:00+00:00,2026-07-18 08:30:00+00:00,1414,DEHAM,2026-07-18 17:29:00+00:00,2026-07-18 12:29:00+00:00,45,True,High,IN,True,Pending verification,True,False,Ticketed,Medium,Medium,Medium,194,58,High,Arrival buffer below 4 hours: 194 minutes; Visa/document status: Pending verification; Airport historical delay indicator: Medium; Weather indicator: Medium,Not reviewed,On time,0,True,0,No disruption
CC-0043,2026-06-03,VSL-010,SEA-0030,Able Seafarer,Joining,MNL,DXB,AMS,1,131.0,2026-06-30 00:45:00+00:00,2026-06-30 21:45:00+00:00,1317,NLRTM,2026-07-01 13:06:00+00:00,2026-07-01 06:06:00+00:00,75,True,High,PH,True,Verified,True,True,Reserved,High,Medium,Medium,426,35,Medium,Arrival buffer between 4 and 8 hours: 426 minutes; Airport historical delay indicator: High; Weather indicator: Medium,Not reviewed,On time,0,True,0,No disruption
CC-0058,2026-06-06,VSL-003,SEA-0007,Second Officer,Joining,BOM,DOH,CPH,1,81.0,2026-06-18 23:45:00+00:00,2026-06-19 12:00:00+00:00,1187,DKCPH,2026-06-20 03:38:00+00:00,2026-06-20 02:38:00+00:00,30,True,Medium,IN,True,Verified,True,True,Ticketed,Medium,Low,High,848,23,Low,Short connection: 81 minutes; Airport historical delay indicator: Medium,Not reviewed,On time,0,True,0,No disruption
CC-0003,2026-06-06,VSL-003,SEA-0078,Bosun,Joining,BOM,IST,DXB,1,56.0,2026-07-07 09:15:00+00:00,2026-07-08 00:15:00+00:00,1039,AEDXB,2026-07-08 08:28:00+00:00,2026-07-08 06:28:00+00:00,45,True,High,IN,True,Verified,True,True,Ticketed,Medium,Low,High,328,48,Medium,Tight connection: 56 minutes; Arrival buffer between 4 and 8 hours: 328 minutes; Airport historical delay indicator: Medium,Not reviewed,On time,0,True,0,No disruption
CC-0098,2026-06-07,VSL-018,SEA-0061,Second Officer,Joining,DEL,DXB,SIN,1,60.0,2026-06-17 02:15:00+00:00,2026-06-18 00:00:00+00:00,968,SGSIN,2026-06-18 19:34:00+00:00,2026-06-18 11:34:00+00:00,35,True,High,IN,True,Potential issue,True,False,Reserved,Low,Medium,High,659,55,High,Short connection: 60 minutes; Visa/document status: Potential issue; Weather indicator: Medium,Not reviewed,Rebooked,893,True,676,Document issue
CC-0130,2026-06-08,VSL-017,SEA-0048,Able Seafarer,Joining,DEL,,BRE,0,,2026-07-23 10:45:00+00:00,2026-07-24 00:15:00+00:00,1308,DEBRV,2026-07-24 14:35:00+00:00,2026-07-24 07:35:00+00:00,75,True,High,IN,True,Verified,True,True,Ticketed,Low,Low,Low,365,15,Low,Arrival buffer between 4 and 8 hours: 365 minutes,Not reviewed,On time,0,True,0,No disruption
CC-0004,2026-06-09,VSL-015,SEA-0019,Chief Engineer,Joining,DEL,DXB,BRU,1,101.0,2026-07-11 22:30:00+00:00,2026-07-12 09:45:00+00:00,1363,BEANR,2026-07-12 18:37:00+00:00,2026-07-12 12:37:00+00:00,50,False,High,IN,True,Verified,True,True,Ticketed,Medium,Low,Medium,122,43,Medium,Arrival buffer below 4 hours: 122 minutes; Airport historical delay indicator: Medium; Port agent transfer not confirmed,Not reviewed,Delayed but completed,138,True,350,Flight delay
CC-0094,2026-06-12,VSL-012,SEA-0054,Able Seafarer,Joining,BOM,,LCA,0,,2026-07-12 05:30:00+00:00,2026-07-12 17:30:00+00:00,1315,CYLMS,2026-07-13 11:44:00+00:00,2026-07-13 06:44:00+00:00,50,True,Low,IN,True,Verified,True,True,Ticketed,Low,Low,Low,744,0,Low,No material risk factor identified under the prototype rules,Not reviewed,On time,0,True,0,No disruption
CC-0063,2026-06-13,VSL-010,SEA-0036,Bosun,Joining,DAC,,AMS,0,,2026-07-26 09:00:00+00:00,2026-07-26 17:45:00+00:00,619,NLRTM,2026-07-27 12:25:00+00:00,2026-07-27 04:25:00+00:00,75,True,High,BD,True,Verified,True,True,Ticketed,High,High,Low,565,25,Medium,Airport historical delay indicator: High; Weather indicator: High,Not reviewed,Failed crew change,1338,False,2701,Flight delay
CC-0143,2026-06-14,VSL-008,SEA-0013,Chief Engineer,Joining,DEL,,CPH,0,,2026-07-09 06:00:00+00:00,2026-07-09 19:45:00+00:00,888,DKCPH,2026-07-10 10:45:00+00:00,2026-07-10 08:45:00+00:00,30,True,High,IN,True,Verified,True,True,Reserved,Medium,Low,Low,750,8,Low,Airport historical delay indicator: Medium,Not reviewed,On time,0,True,0,No disruption
CC-0047,2026-06-14,VSL-014,SEA-0023,Second Officer,Joining,DEL,CDG,OSL,1,109.0,2026-07-10 14:15:00+00:00,2026-07-11 11:15:00+00:00,1732,NOOSL,2026-07-12 01:17:00+00:00,2026-07-12 00:17:00+00:00,50,True,Medium,IN,True,Pending verification,True,False,Reserved,Low,Low,Medium,732,20,Low,Visa/document status: Pending verification,Not reviewed,On time,0,True,0,No disruption
CC-0134,2026-06-15,VSL-014,SEA-0052,Third Engineer,Joining,CMB,DOH,BRE,1,125.0,2026-07-02 04:00:00+00:00,2026-07-02 15:45:00+00:00,1096,DEBRV,2026-07-03 03:10:00+00:00,2026-07-02 23:10:00+00:00,75,True,High,LK,True,Verified,True,True,Ticketed,Low,Low,Medium,370,15,Low,Arrival buffer between 4 and 8 hours: 370 minutes,Not reviewed,On time,0,True,0,No disruption
CC-0149,2026-06-16,VSL-002,SEA-0090,Electrician,Joining,DAC,,DXB,0,,2026-07-31 05:00:00+00:00,2026-07-31 12:45:00+00:00,758,AEDXB,2026-08-01 05:15:00+00:00,2026-08-01 02:15:00+00:00,45,False,High,BD,True,Verified,True,True,Ticketed,Medium,Low,Low,765,18,Low,Airport historical delay indicator: Medium; Port agent transfer not confirmed,Not reviewed,On time,0,True,0,No disruption
CC-0116,2026-06-16,VSL-011,SEA-0017,Second Engineer,Joining,DEL,CDG,CPH,1,93.0,2026-07-24 05:45:00+00:00,2026-07-24 20:45:00+00:00,1566,DKCPH,2026-07-25 16:07:00+00:00,2026-07-25 12:07:00+00:00,30,True,Medium,IN,True,Verified,True,True,Ticketed,Medium,Low,Medium,892,8,Low,Airport historical delay indicator: Medium,Not reviewed,On time,0,True,0,No disruption
CC-0115,2026-06-17,VSL-017,SEA-0088,Third Engineer,Joining,CGK,IST,BRE,1,140.0,2026-07-08 00:15:00+00:00,2026-07-08 12:00:00+00:00,796,DEBRV,2026-07-09 06:25:00+00:00,2026-07-09 01:25:00+00:00,75,True,High,ID,True,Verified,True,True,Ticketed,Low,Low,Medium,730,0,Low,No material risk factor identified under the prototype rules,Not reviewed,On time,0,True,0,No disruption
CC-0137,2026-06-17,VSL-012,SEA-0079,Master,Joining,BOM,FRA,LCA,1,152.0,2026-07-04 23:15:00+00:00,2026-07-05 11:30:00+00:00,1190,CYLMS,2026-07-06 02:42:00+00:00,2026-07-06 01:42:00+00:00,50,True,Medium,IN,True,Verified,True,True,Ticketed,Low,Medium,Medium,802,5,Low,Weather indicator: Medium,Not reviewed,On time,0,True,0,No disruption
CC-0079,2026-06-20,VSL-013,SEA-0092,Able Seafarer,Joining,BOM,IST,AMS,1,96.0,2026-08-01 19:15:00+00:00,2026-08-02 10:00:00+00:00,1599,NLRTM,2026-08-02 19:11:00+00:00,2026-08-02 13:11:00+00:00,75,False,High,IN,True,Verified,True,True,Quoted,High,Low,Medium,116,50,High,Arrival buffer below 4 hours: 116 minutes; Airport historical delay indicator: High; Port agent transfer not confirmed,Not reviewed,On time,0,True,0,No disruption
CC-0146,2026-06-20,VSL-006,SEA-0066,Second Officer,Joining,MNL,CDG,BRU,1,165.0,2026-07-05 23:15:00+00:00,2026-07-06 16:00:00+00:00,1450,BEANR,2026-07-07 03:08:00+00:00,2026-07-06 22:08:00+00:00,50,True,High,PH,True,Verified,True,True,Ticketed,Medium,Low,Medium,318,23,Low,Arrival buffer between 4 and 8 hours: 318 minutes; Airport historical delay indicator: Medium,Not reviewed,On time,0,True,0,No disruption
CC-0073,2026-06-22,VSL-015,SEA-0005,Chief Engineer,Joining,BOM,DXB,HAM,1,106.0,2026-07-21 07:00:00+00:00,2026-07-22 03:30:00+00:00,905,DEHAM,2026-07-22 09:01:00+00:00,2026-07-22 08:01:00+00:00,45,True,High,IN,True,Verified,True,True,Quoted,Medium,Medium,Medium,226,38,Medium,Arrival buffer below 4 hours: 226 minutes; Airport historical delay indicator: Medium; Weather indicator: Medium,Not reviewed,Delayed but completed,275,True,350,Flight cancellation
CC-0006,2026-06-22,VSL-017,SEA-0078,Second Officer,Joining,MNL,IST,SIN,1,113.0,2026-07-28 05:30:00+00:00,2026-07-28 18:00:00+00:00,1685,SGSIN,2026-07-29 06:30:00+00:00,2026-07-29 03:30:00+00:00,35,True,High,PH,True,Verified,True,True,Ticketed,Low,Medium,Medium,535,5,Low,Weather indicator: Medium,Not reviewed,Rebooked,699,True,358,Severe weather
CC-0049,2026-06-26,VSL-004,SEA-0018,Master,Joining,CGK,DXB,OSL,1,142.0,2026-08-07 16:30:00+00:00,2026-08-08 04:45:00+00:00,1279,NOOSL,2026-08-08 16:07:00+00:00,2026-08-08 15:07:00+00:00,50,True,High,ID,True,Verified,True,True,Ticketed,Low,Low,Medium,572,0,Low,No material risk factor identified under the prototype rules,Not reviewed,On time,0,True,0,No disruption
CC-0123,2026-06-26,VSL-006,SEA-0004,Cook,Joining,MNL,,BRE,0,,2026-07-12 05:30:00+00:00,2026-07-12 18:30:00+00:00,1243,DEBRV,2026-07-13 06:55:00+00:00,2026-07-13 00:55:00+00:00,75,True,Medium,PH,True,Verified,True,True,Reserved,Low,Low,Low,310,15,Low,Arrival buffer between 4 and 8 hours: 310 minutes,Not reviewed,On time,0,True,0,No disruption
CC-0144,2026-06-26,VSL-005,SEA-0087,Able Seafarer,Joining,BOM,DXB,BRU,1,123.0,2026-07-13 15:15:00+00:00,2026-07-14 11:45:00+00:00,1237,BEANR,2026-07-15 02:28:00+00:00,2026-07-14 19:28:00+00:00,50,True,Medium,IN,True,Verified,True,True,Ticketed,Medium,Low,Medium,413,23,Low,Arrival buffer between 4 and 8 hours: 413 minutes; Airport historical delay indicator: Medium,Not reviewed,On time,0,True,0,No disruption
CC-0125,2026-07-01,VSL-003,SEA-0091,Bosun,Joining,DEL,CDG,AMS,1,145.0,2026-08-13 04:00:00+00:00,2026-08-13 17:30:00+00:00,1168,NLRTM,2026-08-14 10:41:00+00:00,2026-08-14 06:41:00+00:00,75,True,Medium,IN,True,Verified,True,True,Reserved,High,Low,Medium,716,15,Low,Airport historical delay indicator: High,Not reviewed,On time,0,True,0,No disruption
CC-0118,2026-07-01,VSL-005,SEA-0035,Able Seafarer,Joining,CMB,IST,BRE,1,124.0,2026-07-08 08:15:00+00:00,2026-07-08 20:15:00+00:00,1520,DEBRV,2026-07-09 14:04:00+00:00,2026-07-09 11:04:00+00:00,75,True,High,LK,True,Verified,True,True,Reserved,Low,High,Medium,814,10,Low,Weather indicator: High,Not reviewed,On time,0,True,0,No disruption
CC-0067,2026-07-01,VSL-004,SEA-0065,Able Seafarer,Joining,DAC,DXB,CPH,1,77.0,2026-07-09 02:00:00+00:00,2026-07-09 23:45:00+00:00,869,DKCPH,2026-07-10 16:25:00+00:00,2026-07-10 10:25:00+00:00,30,True,Medium,BD,True,Verified,True,True,Quoted,Medium,Low,High,610,23,Low,Short connection: 77 minutes; Airport historical delay indicator: Medium,Not reviewed,Delayed but completed,128,True,75,Flight cancellation
CC-0041,2026-07-03,VSL-013,SEA-0059,Cook,Joining,CGK,IST,SIN,1,115.0,2026-07-29 00:45:00+00:00,2026-07-29 17:15:00+00:00,932,SGSIN,2026-07-30 00:22:00+00:00,2026-07-29 19:22:00+00:00,35,True,Medium,ID,True,Pending verification,True,False,Ticketed,Low,Low,Medium,92,45,Medium,Arrival buffer below 4 hours: 92 minutes; Visa/document status: Pending verification,Not reviewed,Delayed but completed,305,True,180,Document issue
CC-0088,2026-07-03,VSL-007,SEA-0053,Electrician,Joining,DAC,CDG,HAM,1,103.0,2026-07-19 01:00:00+00:00,2026-07-19 21:45:00+00:00,1185,DEHAM,2026-07-20 09:54:00+00:00,2026-07-20 02:54:00+00:00,45,True,Medium,BD,True,Pending verification,True,False,Reserved,Medium,Low,Medium,264,43,Medium,Arrival buffer between 4 and 8 hours: 264 minutes; Visa/document status: Pending verification; Airport historical delay indicator: Medium,Not reviewed,Delayed but completed,39,True,180,Document issue
CC-0040,2026-07-04,VSL-018,SEA-0019,Second Engineer,Joining,CMB,,SIN,0,,2026-08-11 09:00:00+00:00,2026-08-11 19:00:00+00:00,824,SGSIN,2026-08-12 11:08:00+00:00,2026-08-12 08:08:00+00:00,35,True,Low,LK,True,Manual specialist check,True,False,Reserved,Low,Low,Low,753,25,Medium,Visa/document status: Manual specialist check,Not reviewed,On time,0,True,0,No disruption
CC-0050,2026-07-07,VSL-009,SEA-0005,Able Seafarer,Joining,MNL,,LCA,0,,2026-08-20 06:15:00+00:00,2026-08-20 17:00:00+00:00,1051,CYLMS,2026-08-21 08:39:00+00:00,2026-08-21 01:39:00+00:00,50,True,High,PH,True,Verified,True,True,Ticketed,Low,Low,Low,469,15,Low,Arrival buffer between 4 and 8 hours: 469 minutes,Not reviewed,On time,0,True,0,No disruption
CC-0023,2026-07-08,VSL-017,SEA-0063,Bosun,Joining,CMB,CDG,AMS,1,126.0,2026-07-25 15:45:00+00:00,2026-07-26 12:30:00+00:00,1443,NLRTM,2026-07-27 08:36:00+00:00,2026-07-27 00:36:00+00:00,75,True,High,LK,True,Verified,True,True,Ticketed,High,Low,Medium,651,15,Low,Airport historical delay indicator: High,Not reviewed,On time,0,True,0,No disruption
CC-0057,2026-07-09,VSL-009,SEA-0004,Second Officer,Joining,CGK,IST,AMS,1,134.0,2026-08-12 03:30:00+00:00,2026-08-12 16:00:00+00:00,1593,NLRTM,2026-08-13 08:32:00+00:00,2026-08-13 04:32:00+00:00,75,True,Medium,ID,True,Pending verification,True,False,Not requested,High,High,Medium,677,45,Medium,Visa/document status: Pending verification; Airport historical delay indicator: High; Weather indicator: High,Not reviewed,On time,0,True,0,No disruption
CC-0121,2026-07-09,VSL-005,SEA-0031,Chief Engineer,Joining,CGK,IST,AMS,1,104.0,2026-08-22 05:45:00+00:00,2026-08-23 04:15:00+00:00,1262,NLRTM,2026-08-23 16:49:00+00:00,2026-08-23 14:49:00+00:00,75,True,Medium,ID,True,Verified,True,True,Ticketed,High,Low,Medium,559,15,Low,Airport historical delay indicator: High,Not reviewed,On time,0,True,0,No disruption
CC-0135,2026-07-10,VSL-010,SEA-0054,Bosun,Joining,CGK,,HAM,0,,2026-08-10 08:00:00+00:00,2026-08-10 15:00:00+00:00,1252,DEHAM,2026-08-11 08:21:00+00:00,2026-08-11 00:21:00+00:00,45,True,Medium,ID,True,Verified,True,True,Ticketed,Medium,Low,Low,516,8,Low,Airport historical delay indicator: Medium,Not reviewed,On time,0,True,0,No disruption
CC-0022,2026-07-11,VSL-018,SEA-0032,Cook,Joining,CMB,CDG,LCA,1,94.0,2026-07-18 11:45:00+00:00,2026-07-19 06:30:00+00:00,1627,CYLMS,2026-07-19 15:59:00+00:00,2026-07-19 12:59:00+00:00,50,False,High,LK,True,Pending verification,True,False,Ticketed,Low,Medium,Medium,339,50,High,Arrival buffer between 4 and 8 hours: 339 minutes; Visa/document status: Pending verification; Weather indicator: Medium; Port agent transfer not confirmed,Not reviewed,Rebooked,360,True,1073,Severe weather
CC-0052,2026-07-11,VSL-005,SEA-0002,Second Engineer,Joining,DEL,,DXB,0,,2026-07-27 13:15:00+00:00,2026-07-28 00:30:00+00:00,450,AEDXB,2026-07-28 12:43:00+00:00,2026-07-28 06:43:00+00:00,45,True,Medium,IN,True,Pending verification,True,False,Ticketed,Medium,Low,Low,328,43,Medium,Arrival buffer between 4 and 8 hours: 328 minutes; Visa/document status: Pending verification; Airport historical delay indicator: Medium,Not reviewed,Failed crew change,1746,False,1614,Document issue
CC-0055,2026-07-16,VSL-005,SEA-0088,Cook,Joining,DAC,IST,LCA,1,74.0,2026-08-13 14:15:00+00:00,2026-08-14 08:00:00+00:00,1310,CYLMS,2026-08-14 21:13:00+00:00,2026-08-14 14:13:00+00:00,50,True,High,BD,True,Pending verification,True,False,Reserved,Low,Low,High,323,50,High,Short connection: 74 minutes; Arrival buffer between 4 and 8 hours: 323 minutes; Visa/document status: Pending verification,Not reviewed,On time,0,True,0,No disruption
CC-0092,2026-07-18,VSL-004,SEA-0043,Chief Engineer,Joining,CGK,CDG,BRE,1,54.0,2026-08-25 07:15:00+00:00,2026-08-26 00:30:00+00:00,692,DEBRV,2026-08-26 10:52:00+00:00,2026-08-26 03:52:00+00:00,75,False,Low,ID,True,Verified,True,True,Reserved,Low,Medium,High,127,65,High,Tight connection: 54 minutes; Arrival buffer below 4 hours: 127 minutes; Weather indicator: Medium; Port agent transfer not confirmed,Not reviewed,On time,0,True,0,No disruption
CC-0084,2026-07-22,VSL-012,SEA-0007,Chief Officer,Joining,DEL,DOH,ATH,1,128.0,2026-08-29 07:30:00+00:00,2026-08-29 21:45:00+00:00,1241,GRPIR,2026-08-30 16:45:00+00:00,2026-08-30 08:45:00+00:00,60,True,High,IN,True,Pending verification,True,False,Reserved,Medium,Low,Medium,600,28,Medium,Visa/document status: Pending verification; Airport historical delay indicator: Medium,Not reviewed,On time,0,True,0,No disruption
CC-0131,2026-07-25,VSL-007,SEA-0029,Bosun,Joining,CMB,,DXB,0,,2026-08-17 00:45:00+00:00,2026-08-17 12:15:00+00:00,470,AEDXB,2026-08-17 23:22:00+00:00,2026-08-17 20:22:00+00:00,45,True,Medium,LK,True,Verified,True,True,Ticketed,Medium,Low,Low,442,23,Low,Arrival buffer between 4 and 8 hours: 442 minutes; Airport historical delay indicator: Medium,Not reviewed,On time,0,True,0,No disruption
CC-0136,2026-07-27,VSL-010,SEA-0021,Master,Joining,DAC,DOH,CPH,1,152.0,2026-08-09 07:00:00+00:00,2026-08-10 02:00:00+00:00,1039,DKCPH,2026-08-10 10:49:00+00:00,2026-08-10 08:49:00+00:00,30,True,High,BD,True,Verified,True,True,Ticketed,Medium,Low,Medium,379,23,Low,Arrival buffer between 4 and 8 hours: 379 minutes; Airport historical delay indicator: Medium,Not reviewed,On time,0,True,0,No disruption
CC-0013,2026-07-28,VSL-003,SEA-0069,Second Officer,Joining,CGK,CDG,ATH,1,125.0,2026-08-29 12:30:00+00:00,2026-08-30 03:00:00+00:00,1574,GRPIR,2026-08-30 14:34:00+00:00,2026-08-30 09:34:00+00:00,60,True,High,ID,True,Verified,True,True,Ticketed,Medium,Low,Medium,334,23,Low,Arrival buffer between 4 and 8 hours: 334 minutes; Airport historical delay indicator: Medium,Not reviewed,Delayed but completed,34,True,180,Flight delay
CC-0114,2026-08-05,VSL-005,SEA-0073,Able Seafarer,Joining,CMB,DXB,OSL,1,45.0,2026-08-16 17:00:00+00:00,2026-08-17 15:45:00+00:00,1643,NOOSL,2026-08-18 10:55:00+00:00,2026-08-18 04:55:00+00:00,50,False,Medium,LK,True,Pending verification,True,False,Reserved,Low,Low,High,740,55,High,Tight connection: 45 minutes; Visa/document status: Pending verification; Port agent transfer not confirmed,Not reviewed,Failed crew change,1819,False,2222,Port transfer issue
CC-0090,2026-08-07,VSL-008,SEA-0032,Chief Officer,Joining,MNL,IST,CPH,1,133.0,2026-08-27 10:45:00+00:00,2026-08-28 08:15:00+00:00,845,DKCPH,2026-08-29 07:00:00+00:00,2026-08-28 23:00:00+00:00,30,False,Low,PH,True,Verified,True,True,Ticketed,Medium,Low,Medium,855,18,Low,Airport historical delay indicator: Medium; Port agent transfer not confirmed,Not reviewed,On time,0,True,0,No disruption
CC-0005,2026-08-10,VSL-013,SEA-0077,Cook,Joining,DAC,CDG,SIN,1,154.0,2026-08-22 08:45:00+00:00,2026-08-23 01:00:00+00:00,1310,SGSIN,2026-08-23 13:26:00+00:00,2026-08-23 05:26:00+00:00,35,True,High,BD,True,Pending verification,True,False,Quoted,Low,Medium,Medium,231,50,High,Arrival buffer below 4 hours: 231 minutes; Visa/document status: Pending verification; Weather indicator: Medium,Not reviewed,On time,0,True,0,No disruption
CC-0065,2026-08-13,VSL-010,SEA-0050,Third Engineer,Joining,CMB,,HAM,0,,2026-08-22 14:30:00+00:00,2026-08-23 02:30:00+00:00,712,DEHAM,2026-08-23 16:21:00+00:00,2026-08-23 13:21:00+00:00,45,True,High,LK,True,Verified,True,True,Reserved,Medium,Low,Low,606,8,Low,Airport historical delay indicator: Medium,Not reviewed,On time,0,True,0,No disruption
