Economy,Seafarer_Type,Seafarer_Count,World_Share_Percent,Year
Albania,Officers,445,0.057,2015
Albania,Ratings,519,0.059,2015
Albania,Total,964,0.059,2015
Algeria,Officers,548,0.071,2015
Algeria,Ratings,589,0.067,2015
Algeria,Total,1137,0.069,2015
Angola,Officers,317,0.041,2015
Angola,Ratings,346,0.04,2015
Angola,Total,663,0.04,2015
Anguilla,Officers,0,0.0,2015
Anguilla,Ratings,0,0.0,2015
Anguilla,Total,0,0.0,2015
Antigua and Barbuda,Officers,0,0.0,2015
Antigua and Barbuda,Ratings,0,0.0,2015
Antigua and Barbuda,Total,0,0.0,2015
Argentina,Officers,670,0.087,2015
Argentina,Ratings,571,0.065,2015
Argentina,Total,1241,0.075,2015
Australia,Officers,4779,0.617,2015
Australia,Ratings,2925,0.335,2015
Australia,Total,7704,0.468,2015
Azerbaijan,Officers,693,0.09,2015
Azerbaijan,Ratings,282,0.032,2015
Azerbaijan,Total,975,0.059,2015
Bahamas,Officers,124,0.016,2015
Bahamas,Ratings,0,0.0,2015
Bahamas,Total,124,0.008,2015
Bahrain,Officers,0,0.0,2015
Bahrain,Ratings,0,0.0,2015
Bahrain,Total,0,0.0,2015
Bangladesh,Officers,3746,0.484,2015
Bangladesh,Ratings,1401,0.16,2015
Bangladesh,Total,5147,0.312,2015
Barbados,Officers,0,0.0,2015
Barbados,Ratings,0,0.0,2015
Barbados,Total,0,0.0,2015
Belgium,Officers,3665,0.474,2015
Belgium,Ratings,1259,0.144,2015
Belgium,Total,4924,0.299,2015
Belize,Officers,0,0.0,2015
Belize,Ratings,0,0.0,2015
Belize,Total,0,0.0,2015
Benin,Officers,0,0.0,2015
Benin,Ratings,0,0.0,2015
Benin,Total,0,0.0,2015
Bermuda,Officers,15,0.002,2015
Bermuda,Ratings,15,0.002,2015
Bermuda,Total,30,0.002,2015
Bolivia (Plurinational State of),Officers,0,0.0,2015
Bolivia (Plurinational State of),Ratings,0,0.0,2015
Bolivia (Plurinational State of),Total,0,0.0,2015
Brazil,Officers,10526,1.36,2015
Brazil,Ratings,18220,2.086,2015
Brazil,Total,28746,1.745,2015
British Virgin Islands,Officers,0,0.0,2015
British Virgin Islands,Ratings,0,0.0,2015
British Virgin Islands,Total,0,0.0,2015
Brunei Darussalam,Officers,490,0.063,2015
Brunei Darussalam,Ratings,317,0.036,2015
Brunei Darussalam,Total,807,0.049,2015
Bulgaria,Officers,10890,1.407,2015
Bulgaria,Ratings,22379,2.562,2015
Bulgaria,Total,33269,2.019,2015
Cabo Verde,Officers,274,0.035,2015
Cabo Verde,Ratings,320,0.037,2015
Cabo Verde,Total,594,0.036,2015
Cambodia,Officers,8053,1.041,2015
Cambodia,Ratings,12004,1.374,2015
Cambodia,Total,20057,1.217,2015
Cameroon,Officers,97,0.013,2015
Cameroon,Ratings,77,0.009,2015
Cameroon,Total,174,0.011,2015
Canada,Officers,6363,0.822,2015
Canada,Ratings,3103,0.355,2015
Canada,Total,9466,0.575,2015
Cayman Islands,Officers,0,0.0,2015
Cayman Islands,Ratings,0,0.0,2015
Cayman Islands,Total,0,0.0,2015
Channel Islands,Officers,0,0.0,2015
Channel Islands,Ratings,0,0.0,2015
Channel Islands,Total,0,0.0,2015
Chile,Officers,6494,0.839,2015
Chile,Ratings,5417,0.62,2015
Chile,Total,11911,0.723,2015
China,Officers,101600,13.127,2015
China,Ratings,142035,16.26,2015
China,Total,243635,14.788,2015
"China, Hong Kong SAR",Officers,757,0.098,2015
"China, Hong Kong SAR",Ratings,67,0.008,2015
"China, Hong Kong SAR",Total,824,0.05,2015
"China, Taiwan Province of",Officers,2567,0.332,2015
"China, Taiwan Province of",Ratings,2567,0.294,2015
"China, Taiwan Province of",Total,5134,0.312,2015
Colombia,Officers,460,0.059,2015
Colombia,Ratings,457,0.052,2015
Colombia,Total,917,0.056,2015
Comoros,Officers,1012,0.131,2015
Comoros,Ratings,2269,0.26,2015
Comoros,Total,3281,0.199,2015
Congo,Officers,11,0.001,2015
Congo,Ratings,10,0.001,2015
Congo,Total,21,0.001,2015
"Congo, Dem. Rep. of the",Officers,57,0.007,2015
"Congo, Dem. Rep. of the",Ratings,71,0.008,2015
"Congo, Dem. Rep. of the",Total,128,0.008,2015
Cook Islands,Officers,297,0.038,2015
Cook Islands,Ratings,408,0.047,2015
Cook Islands,Total,705,0.043,2015
Costa Rica,Officers,64,0.008,2015
Costa Rica,Ratings,102,0.012,2015
Costa Rica,Total,166,0.01,2015
Cote d'Ivoire,Officers,24,0.003,2015
Cote d'Ivoire,Ratings,23,0.003,2015
Cote d'Ivoire,Total,47,0.003,2015
Croatia,Officers,17183,2.22,2015
Croatia,Ratings,10063,1.152,2015
Croatia,Total,27246,1.654,2015
Cuba,Officers,2263,0.292,2015
Cuba,Ratings,3093,0.354,2015
Cuba,Total,5356,0.325,2015
Curacao,Officers,0,0.0,2015
Curacao,Ratings,0,0.0,2015
Curacao,Total,0,0.0,2015
Cyprus,Officers,2907,0.376,2015
Cyprus,Ratings,514,0.059,2015
Cyprus,Total,3421,0.208,2015
Denmark,Officers,6432,0.831,2015
Denmark,Ratings,1026,0.117,2015
Denmark,Total,7458,0.453,2015
Djibouti,Officers,42,0.005,2015
Djibouti,Ratings,45,0.005,2015
Djibouti,Total,87,0.005,2015
Dominica,Officers,397,0.051,2015
Dominica,Ratings,332,0.038,2015
Dominica,Total,729,0.044,2015
Dominican Republic,Officers,40,0.005,2015
Dominican Republic,Ratings,40,0.005,2015
Dominican Republic,Total,80,0.005,2015
Ecuador,Officers,1260,0.163,2015
Ecuador,Ratings,1557,0.178,2015
Ecuador,Total,2817,0.171,2015
Egypt,Officers,2093,0.27,2015
Egypt,Ratings,1869,0.214,2015
Egypt,Total,3962,0.24,2015
Equatorial Guinea,Officers,168,0.022,2015
Equatorial Guinea,Ratings,187,0.021,2015
Equatorial Guinea,Total,355,0.022,2015
Eritrea,Officers,45,0.006,2015
Eritrea,Ratings,47,0.005,2015
Eritrea,Total,92,0.006,2015
Estonia,Officers,2703,0.349,2015
Estonia,Ratings,1158,0.133,2015
Estonia,Total,3861,0.234,2015
Ethiopia,Officers,215,0.028,2015
Ethiopia,Ratings,192,0.022,2015
Ethiopia,Total,407,0.025,2015
Faroe Islands,Officers,556,0.072,2015
Faroe Islands,Ratings,514,0.059,2015
Faroe Islands,Total,1070,0.065,2015
Fiji,Officers,249,0.032,2015
Fiji,Ratings,301,0.034,2015
Fiji,Total,550,0.033,2015
Finland,Officers,3819,0.493,2015
Finland,Ratings,4979,0.57,2015
Finland,Total,8798,0.534,2015
France,Officers,2915,0.377,2015
France,Ratings,2446,0.28,2015
France,Total,5361,0.325,2015
"France, metropolitan",Officers,2801,0.362,2015
"France, metropolitan",Ratings,2258,0.258,2015
"France, metropolitan",Total,5059,0.307,2015
French Polynesia,Officers,225,0.029,2015
French Polynesia,Ratings,337,0.039,2015
French Polynesia,Total,562,0.034,2015
Gabon,Officers,157,0.02,2015
Gabon,Ratings,186,0.021,2015
Gabon,Total,343,0.021,2015
Gambia,Officers,44,0.006,2015
Gambia,Ratings,54,0.006,2015
Gambia,Total,98,0.006,2015
Georgia,Officers,3386,0.437,2015
Georgia,Ratings,4584,0.525,2015
Georgia,Total,7970,0.484,2015
Germany,Officers,3708,0.479,2015
Germany,Ratings,2527,0.289,2015
Germany,Total,6235,0.378,2015
Ghana,Officers,139,0.018,2015
Ghana,Ratings,136,0.016,2015
Ghana,Total,275,0.017,2015
Gibraltar,Officers,0,0.0,2015
Gibraltar,Ratings,0,0.0,2015
Gibraltar,Total,0,0.0,2015
Greece,Officers,7451,0.963,2015
Greece,Ratings,1874,0.215,2015
Greece,Total,9325,0.566,2015
Grenada,Officers,20,0.003,2015
Grenada,Ratings,27,0.003,2015
Grenada,Total,47,0.003,2015
Guadeloupe,Officers,93,0.012,2015
Guadeloupe,Ratings,165,0.019,2015
Guadeloupe,Total,258,0.016,2015
Guatemala,Officers,8,0.001,2015
Guatemala,Ratings,8,0.001,2015
Guatemala,Total,16,0.001,2015
Guinea,Officers,29,0.004,2015
Guinea,Ratings,33,0.004,2015
Guinea,Total,62,0.004,2015
Guinea-Bissau,Officers,48,0.006,2015
Guinea-Bissau,Ratings,55,0.006,2015
Guinea-Bissau,Total,103,0.006,2015
Guyana,Officers,473,0.061,2015
Guyana,Ratings,517,0.059,2015
Guyana,Total,990,0.06,2015
Haiti,Officers,16,0.002,2015
Haiti,Ratings,18,0.002,2015
Haiti,Total,34,0.002,2015
Honduras,Officers,2184,0.282,2015
Honduras,Ratings,2670,0.306,2015
Honduras,Total,4854,0.295,2015
Hungary,Officers,55,0.007,2015
Hungary,Ratings,35,0.004,2015
Hungary,Total,90,0.005,2015
Iceland,Officers,198,0.026,2015
Iceland,Ratings,251,0.029,2015
Iceland,Total,449,0.027,2015
India,Officers,69908,9.033,2015
India,Ratings,16176,1.852,2015
India,Total,86084,5.225,2015
Indonesia,Officers,51237,6.62,2015
Indonesia,Ratings,92465,10.585,2015
Indonesia,Total,143702,8.722,2015
Iran (Islamic Republic of),Officers,7631,0.986,2015
Iran (Islamic Republic of),Ratings,10023,1.147,2015
Iran (Islamic Republic of),Total,17654,1.072,2015
Iraq,Officers,132,0.017,2015
Iraq,Ratings,103,0.012,2015
Iraq,Total,235,0.014,2015
Ireland,Officers,564,0.073,2015
Ireland,Ratings,1602,0.183,2015
Ireland,Total,2166,0.131,2015
Isle of Man,Officers,100,0.013,2015
Isle of Man,Ratings,75,0.009,2015
Isle of Man,Total,175,0.011,2015
Israel,Officers,201,0.026,2015
Israel,Ratings,183,0.021,2015
Israel,Total,384,0.023,2015
Italy,Officers,12988,1.678,2015
Italy,Ratings,21498,2.461,2015
Italy,Total,34486,2.093,2015
Jamaica,Officers,223,0.029,2015
Jamaica,Ratings,240,0.027,2015
Jamaica,Total,463,0.028,2015
Japan,Officers,19119,2.47,2015
Japan,Ratings,6339,0.726,2015
Japan,Total,25458,1.545,2015
Jordan,Officers,209,0.027,2015
Jordan,Ratings,230,0.026,2015
Jordan,Total,439,0.027,2015
Kazakhstan,Officers,0,0.0,2015
Kazakhstan,Ratings,547,0.063,2015
Kazakhstan,Total,547,0.033,2015
Kenya,Officers,19,0.002,2015
Kenya,Ratings,166,0.019,2015
Kenya,Total,185,0.011,2015
Kiribati,Officers,883,0.114,2015
Kiribati,Ratings,1770,0.203,2015
Kiribati,Total,2653,0.161,2015
"Korea, Dem. People's Rep. of",Officers,1482,0.191,2015
"Korea, Dem. People's Rep. of",Ratings,1573,0.18,2015
"Korea, Dem. People's Rep. of",Total,3055,0.185,2015
"Korea, Republic of",Officers,14126,1.825,2015
"Korea, Republic of",Ratings,14042,1.607,2015
"Korea, Republic of",Total,28168,1.71,2015
Kuwait,Officers,0,0.0,2015
Kuwait,Ratings,0,0.0,2015
Kuwait,Total,0,0.0,2015
Lao People's Dem. Rep.,Officers,8,0.001,2015
Lao People's Dem. Rep.,Ratings,9,0.001,2015
Lao People's Dem. Rep.,Total,17,0.001,2015
Latvia,Officers,5500,0.711,2015
Latvia,Ratings,2278,0.261,2015
Latvia,Total,7778,0.472,2015
Lebanon,Officers,293,0.038,2015
Lebanon,Ratings,286,0.033,2015
Lebanon,Total,579,0.035,2015
Liberia,Officers,58,0.007,2015
Liberia,Ratings,604,0.069,2015
Liberia,Total,662,0.04,2015
Libya,Officers,493,0.064,2015
Libya,Ratings,413,0.047,2015
Libya,Total,906,0.055,2015
Lithuania,Officers,424,0.055,2015
Lithuania,Ratings,2479,0.284,2015
Lithuania,Total,2903,0.176,2015
Luxembourg,Officers,0,0.0,2015
Luxembourg,Ratings,0,0.0,2015
Luxembourg,Total,0,0.0,2015
Madagascar,Officers,123,0.016,2015
Madagascar,Ratings,1064,0.122,2015
Madagascar,Total,1187,0.072,2015
Malaysia,Officers,6313,0.816,2015
Malaysia,Ratings,28687,3.284,2015
Malaysia,Total,35000,2.124,2015
Maldives,Officers,456,0.059,2015
Maldives,Ratings,505,0.058,2015
Maldives,Total,961,0.058,2015
Malta,Officers,151,0.02,2015
Malta,Ratings,594,0.068,2015
Malta,Total,745,0.045,2015
Marshall Islands,Officers,1,0.0,2015
Marshall Islands,Ratings,7,0.001,2015
Marshall Islands,Total,8,0.0,2015
Martinique,Officers,21,0.003,2015
Martinique,Ratings,23,0.003,2015
Martinique,Total,44,0.003,2015
Mauritania,Officers,29,0.004,2015
Mauritania,Ratings,33,0.004,2015
Mauritania,Total,62,0.004,2015
Mauritius,Officers,98,0.013,2015
Mauritius,Ratings,665,0.076,2015
Mauritius,Total,763,0.046,2015
Mexico,Officers,4552,0.588,2015
Mexico,Ratings,1419,0.162,2015
Mexico,Total,5971,0.362,2015
Micronesia (Federated States of),Officers,163,0.021,2015
Micronesia (Federated States of),Ratings,193,0.022,2015
Micronesia (Federated States of),Total,356,0.022,2015
"Moldova, Republic of",Officers,832,0.108,2015
"Moldova, Republic of",Ratings,1758,0.201,2015
"Moldova, Republic of",Total,2590,0.157,2015
Monaco,Officers,0,0.0,2015
Monaco,Ratings,0,0.0,2015
Monaco,Total,0,0.0,2015
Mongolia,Officers,0,0.0,2015
Mongolia,Ratings,0,0.0,2015
Mongolia,Total,0,0.0,2015
Montenegro,Officers,110,0.014,2015
Montenegro,Ratings,116,0.013,2015
Montenegro,Total,226,0.014,2015
Morocco,Officers,1069,0.138,2015
Morocco,Ratings,7012,0.803,2015
Morocco,Total,8081,0.491,2015
Mozambique,Officers,85,0.011,2015
Mozambique,Ratings,94,0.011,2015
Mozambique,Total,179,0.011,2015
Myanmar,Officers,11230,1.451,2015
Myanmar,Ratings,14811,1.696,2015
Myanmar,Total,26041,1.581,2015
Namibia,Officers,26,0.003,2015
Namibia,Ratings,22,0.003,2015
Namibia,Total,48,0.003,2015
Netherlands (Kingdom of the),Officers,4708,0.608,2015
Netherlands (Kingdom of the),Ratings,348,0.04,2015
Netherlands (Kingdom of the),Total,5056,0.307,2015
New Caledonia,Officers,0,0.0,2015
New Caledonia,Ratings,0,0.0,2015
New Caledonia,Total,0,0.0,2015
New Zealand,Officers,517,0.067,2015
New Zealand,Ratings,620,0.071,2015
New Zealand,Total,1137,0.069,2015
Nicaragua,Officers,24,0.003,2015
Nicaragua,Ratings,26,0.003,2015
Nicaragua,Total,50,0.003,2015
Nigeria,Officers,1998,0.258,2015
Nigeria,Ratings,3762,0.431,2015
Nigeria,Total,5760,0.35,2015
Niue,Officers,0,0.0,2015
Niue,Ratings,215,0.025,2015
Niue,Total,215,0.013,2015
Norway,Officers,14768,1.908,2015
Norway,Ratings,18933,2.167,2015
Norway,Total,33701,2.046,2015
Oman,Officers,91,0.012,2015
Oman,Ratings,404,0.046,2015
Oman,Total,495,0.03,2015
Pakistan,Officers,2841,0.367,2015
Pakistan,Ratings,9327,1.068,2015
Pakistan,Total,12168,0.739,2015
Palau,Officers,0,0.0,2015
Palau,Ratings,0,0.0,2015
Palau,Total,0,0.0,2015
Panama,Officers,14022,1.812,2015
Panama,Ratings,11119,1.273,2015
Panama,Total,25141,1.526,2015
Papua New Guinea,Officers,561,0.072,2015
Papua New Guinea,Ratings,626,0.072,2015
Papua New Guinea,Total,1187,0.072,2015
Paraguay,Officers,414,0.053,2015
Paraguay,Ratings,449,0.051,2015
Paraguay,Total,863,0.052,2015
Peru,Officers,1113,0.144,2015
Peru,Ratings,1711,0.196,2015
Peru,Total,2824,0.171,2015
Philippines,Officers,72500,9.368,2015
Philippines,Ratings,143000,16.37,2015
Philippines,Total,215500,13.08,2015
Poland,Officers,25586,3.306,2015
Poland,Ratings,6603,0.756,2015
Poland,Total,32189,1.954,2015
Portugal,Officers,851,0.11,2015
Portugal,Ratings,590,0.068,2015
Portugal,Total,1441,0.087,2015
Qatar,Officers,0,0.0,2015
Qatar,Ratings,730,0.084,2015
Qatar,Total,730,0.044,2015
Romania,Officers,11000,1.421,2015
Romania,Ratings,5000,0.572,2015
Romania,Total,16000,0.971,2015
Russian Federation,Officers,47972,6.198,2015
Russian Federation,Ratings,49089,5.62,2015
Russian Federation,Total,97061,5.891,2015
Saint Helena,Officers,0,0.0,2015
Saint Helena,Ratings,0,0.0,2015
Saint Helena,Total,0,0.0,2015
Saint Kitts and Nevis,Officers,0,0.0,2015
Saint Kitts and Nevis,Ratings,1889,0.216,2015
Saint Kitts and Nevis,Total,1889,0.115,2015
Saint Vincent and the Grenadines,Officers,0,0.0,2015
Saint Vincent and the Grenadines,Ratings,0,0.0,2015
Saint Vincent and the Grenadines,Total,0,0.0,2015
Samoa,Officers,100,0.013,2015
Samoa,Ratings,113,0.013,2015
Samoa,Total,213,0.013,2015
Sao Tome and Principe,Officers,209,0.027,2015
Sao Tome and Principe,Ratings,222,0.025,2015
Sao Tome and Principe,Total,431,0.026,2015
Saudi Arabia,Officers,0,0.0,2015
Saudi Arabia,Ratings,0,0.0,2015
Saudi Arabia,Total,0,0.0,2015
Senegal,Officers,123,0.016,2015
Senegal,Ratings,143,0.016,2015
Senegal,Total,266,0.016,2015
Seychelles,Officers,68,0.009,2015
Seychelles,Ratings,134,0.015,2015
Seychelles,Total,202,0.012,2015
Sierra Leone,Officers,1552,0.201,2015
Sierra Leone,Ratings,3042,0.348,2015
Sierra Leone,Total,4594,0.279,2015
Singapore,Officers,7023,0.907,2015
Singapore,Ratings,1150,0.132,2015
Singapore,Total,8173,0.496,2015
Slovakia,Officers,0,0.0,2015
Slovakia,Ratings,0,0.0,2015
Slovakia,Total,0,0.0,2015
Slovenia,Officers,544,0.07,2015
Slovenia,Ratings,100,0.011,2015
Slovenia,Total,644,0.039,2015
Solomon Islands,Officers,208,0.027,2015
Solomon Islands,Ratings,1294,0.148,2015
Solomon Islands,Total,1502,0.091,2015
Somalia,Officers,51,0.007,2015
Somalia,Ratings,56,0.006,2015
Somalia,Total,107,0.006,2015
South Africa,Officers,1986,0.257,2015
South Africa,Ratings,1044,0.12,2015
South Africa,Total,3030,0.184,2015
Spain,Officers,1546,0.2,2015
Spain,Ratings,842,0.096,2015
Spain,Total,2388,0.145,2015
Sri Lanka,Officers,2282,0.295,2015
Sri Lanka,Ratings,19511,2.234,2015
Sri Lanka,Total,21793,1.323,2015
Sudan,Officers,45,0.006,2015
Sudan,Ratings,44,0.005,2015
Sudan,Total,89,0.005,2015
Suriname,Officers,52,0.007,2015
Suriname,Ratings,46,0.005,2015
Suriname,Total,98,0.006,2015
Sweden,Officers,4266,0.551,2015
Sweden,Ratings,3972,0.455,2015
Sweden,Total,8238,0.5,2015
Switzerland,Officers,4,0.001,2015
Switzerland,Ratings,2,0.0,2015
Switzerland,Total,6,0.0,2015
"Switzerland, Liechtenstein",Officers,4,0.001,2015
"Switzerland, Liechtenstein",Ratings,2,0.0,2015
"Switzerland, Liechtenstein",Total,6,0.0,2015
Syrian Arab Republic,Officers,92,0.012,2015
Syrian Arab Republic,Ratings,96,0.011,2015
Syrian Arab Republic,Total,188,0.011,2015
"Tanzania, United Republic of",Officers,339,0.044,2015
"Tanzania, United Republic of",Ratings,1659,0.19,2015
"Tanzania, United Republic of",Total,1998,0.121,2015
Thailand,Officers,6560,0.848,2015
Thailand,Ratings,5894,0.675,2015
Thailand,Total,12454,0.756,2015
Timor-Leste,Officers,0,0.0,2015
Timor-Leste,Ratings,0,0.0,2015
Timor-Leste,Total,0,0.0,2015
Togo,Officers,350,0.045,2015
Togo,Ratings,478,0.055,2015
Togo,Total,828,0.05,2015
Tonga,Officers,178,0.023,2015
Tonga,Ratings,193,0.022,2015
Tonga,Total,371,0.023,2015
Trinidad and Tobago,Officers,686,0.089,2015
Trinidad and Tobago,Ratings,579,0.066,2015
Trinidad and Tobago,Total,1265,0.077,2015
Tunisia,Officers,317,0.041,2015
Tunisia,Ratings,318,0.036,2015
Tunisia,Total,635,0.039,2015
Turkiye,Officers,18568,2.399,2015
Turkiye,Ratings,20417,2.337,2015
Turkiye,Total,38985,2.366,2015
Turkmenistan,Officers,286,0.037,2015
Turkmenistan,Ratings,430,0.049,2015
Turkmenistan,Total,716,0.043,2015
Turks and Caicos Islands,Officers,36,0.005,2015
Turks and Caicos Islands,Ratings,39,0.004,2015
Turks and Caicos Islands,Total,75,0.005,2015
Tuvalu,Officers,242,0.031,2015
Tuvalu,Ratings,773,0.088,2015
Tuvalu,Total,1015,0.062,2015
Uganda,Officers,0,0.0,2015
Uganda,Ratings,0,0.0,2015
Uganda,Total,0,0.0,2015
Ukraine,Officers,39000,5.039,2015
Ukraine,Ratings,30000,3.434,2015
Ukraine,Total,69000,4.188,2015
United Arab Emirates,Officers,0,0.0,2015
United Arab Emirates,Ratings,1083,0.124,2015
United Arab Emirates,Total,1083,0.066,2015
United Kingdom,Officers,11010,1.423,2015
United Kingdom,Ratings,3945,0.452,2015
United Kingdom,Total,14955,0.908,2015
United Kingdom excl. Channel Islands and Isle of Man,Officers,10910,1.41,2015
United Kingdom excl. Channel Islands and Isle of Man,Ratings,3870,0.443,2015
United Kingdom excl. Channel Islands and Isle of Man,Total,14780,0.897,2015
United States of America,Officers,18330,2.368,2015
United States of America,Ratings,14888,1.704,2015
United States of America,Total,33218,2.016,2015
United States of America excluding Puerto Rico and United States Virgin Islands,Officers,18330,2.368,2015
United States of America excluding Puerto Rico and United States Virgin Islands,Ratings,14888,1.704,2015
United States of America excluding Puerto Rico and United States Virgin Islands,Total,33218,2.016,2015
United States of America including Puerto Rico,Officers,18330,2.368,2015
United States of America including Puerto Rico,Ratings,14888,1.704,2015
United States of America including Puerto Rico,Total,33218,2.016,2015
Uruguay,Officers,365,0.047,2015
Uruguay,Ratings,374,0.043,2015
Uruguay,Total,739,0.045,2015
Vanuatu,Officers,266,0.034,2015
Vanuatu,Ratings,520,0.06,2015
Vanuatu,Total,786,0.048,2015
Venezuela (Bolivarian Rep. of),Officers,1372,0.177,2015
Venezuela (Bolivarian Rep. of),Ratings,3363,0.385,2015
Venezuela (Bolivarian Rep. of),Total,4735,0.287,2015
Viet Nam,Officers,19630,2.536,2015
Viet Nam,Ratings,12815,1.467,2015
Viet Nam,Total,32445,1.969,2015
World,Officers,773949,100.0,2015
World,Ratings,873545,100.0,2015
World,Total,1647494,100.0,2015
Yemen,Officers,95,0.012,2015
Yemen,Ratings,91,0.01,2015
Yemen,Total,186,0.011,2015
Albania,Officers,307,0.036,2021
Albania,Ratings,529,0.051,2021
Albania,Total,836,0.044,2021
Algeria,Officers,560,0.065,2021
Algeria,Ratings,874,0.084,2021
Algeria,Total,1434,0.076,2021
Angola,Officers,400,0.047,2021
Angola,Ratings,655,0.063,2021
Angola,Total,1055,0.056,2021
Antigua and Barbuda,Officers,6560,0.765,2021
Antigua and Barbuda,Ratings,9103,0.879,2021
Antigua and Barbuda,Total,15663,0.828,2021
Argentina,Officers,841,0.098,2021
Argentina,Ratings,1381,0.133,2021
Argentina,Total,2222,0.117,2021
Australia,Officers,4779,0.557,2021
Australia,Ratings,2925,0.283,2021
Australia,Total,7704,0.407,2021
Austria,Officers,0,0.0,2021
Austria,Ratings,0,0.0,2021
Austria,Total,0,0.0,2021
Azerbaijan,Officers,693,0.081,2021
Azerbaijan,Ratings,282,0.027,2021
Azerbaijan,Total,975,0.052,2021
Bahamas,Officers,124,0.014,2021
Bahamas,Ratings,0,0.0,2021
Bahamas,Total,124,0.007,2021
Bahrain,Officers,1147,0.134,2021
Bahrain,Ratings,2183,0.211,2021
Bahrain,Total,3330,0.176,2021
Bangladesh,Officers,3746,0.437,2021
Bangladesh,Ratings,1401,0.135,2021
Bangladesh,Total,5147,0.272,2021
Barbados,Officers,1629,0.19,2021
Barbados,Ratings,2317,0.224,2021
Barbados,Total,3946,0.208,2021
Belarus,Officers,0,0.0,2021
Belarus,Ratings,0,0.0,2021
Belarus,Total,0,0.0,2021
Belgium,Officers,3394,0.396,2021
Belgium,Ratings,1586,0.153,2021
Belgium,Total,4980,0.263,2021
Belize,Officers,4427,0.516,2021
Belize,Ratings,6645,0.642,2021
Belize,Total,11072,0.585,2021
Benin,Officers,6,0.001,2021
Benin,Ratings,10,0.001,2021
Benin,Total,16,0.001,2021
Bolivia (Plurinational State of),Officers,0,0.0,2021
Bolivia (Plurinational State of),Ratings,0,0.0,2021
Bolivia (Plurinational State of),Total,0,0.0,2021
Brazil,Officers,11987,1.398,2021
Brazil,Ratings,14644,1.415,2021
Brazil,Total,26631,1.407,2021
Brunei Darussalam,Officers,471,0.055,2021
Brunei Darussalam,Ratings,876,0.085,2021
Brunei Darussalam,Total,1347,0.071,2021
Bulgaria,Officers,14168,1.652,2021
Bulgaria,Ratings,8594,0.83,2021
Bulgaria,Total,22762,1.203,2021
Cabo Verde,Officers,284,0.033,2021
Cabo Verde,Ratings,425,0.041,2021
Cabo Verde,Total,709,0.037,2021
Cambodia,Officers,8053,0.939,2021
Cambodia,Ratings,12004,1.16,2021
Cambodia,Total,20057,1.06,2021
Cameroon,Officers,883,0.103,2021
Cameroon,Ratings,1310,0.127,2021
Cameroon,Total,2193,0.116,2021
Canada,Officers,4168,0.486,2021
Canada,Ratings,7484,0.723,2021
Canada,Total,11652,0.616,2021
Chile,Officers,3922,0.457,2021
Chile,Ratings,3095,0.299,2021
Chile,Total,7017,0.371,2021
China,Officers,69364,8.089,2021
China,Ratings,64930,6.272,2021
China,Total,134294,7.095,2021
"China, Hong Kong SAR",Officers,757,0.088,2021
"China, Hong Kong SAR",Ratings,67,0.006,2021
"China, Hong Kong SAR",Total,824,0.044,2021
"China, Taiwan Province of",Officers,3147,0.367,2021
"China, Taiwan Province of",Ratings,5121,0.495,2021
"China, Taiwan Province of",Total,8268,0.437,2021
Colombia,Officers,1161,0.135,2021
Colombia,Ratings,1900,0.184,2021
Colombia,Total,3061,0.162,2021
Comoros,Officers,1678,0.196,2021
Comoros,Ratings,2511,0.243,2021
Comoros,Total,4189,0.221,2021
Congo,Officers,12,0.001,2021
Congo,Ratings,20,0.002,2021
Congo,Total,32,0.002,2021
"Congo, Dem. Rep. of the",Officers,52,0.006,2021
"Congo, Dem. Rep. of the",Ratings,70,0.007,2021
"Congo, Dem. Rep. of the",Total,122,0.006,2021
Cook Islands,Officers,718,0.084,2021
Cook Islands,Ratings,1144,0.111,2021
Cook Islands,Total,1862,0.098,2021
Costa Rica,Officers,64,0.007,2021
Costa Rica,Ratings,102,0.01,2021
Costa Rica,Total,166,0.009,2021
Cote d'Ivoire,Officers,40,0.005,2021
Cote d'Ivoire,Ratings,58,0.006,2021
Cote d'Ivoire,Total,98,0.005,2021
Croatia,Officers,14291,1.667,2021
Croatia,Ratings,6204,0.599,2021
Croatia,Total,20495,1.083,2021
Cuba,Officers,2263,0.264,2021
Cuba,Ratings,3093,0.299,2021
Cuba,Total,5356,0.283,2021
Cyprus,Officers,2883,0.336,2021
Cyprus,Ratings,43,0.004,2021
Cyprus,Total,2926,0.155,2021
Czechia,Officers,38,0.004,2021
Czechia,Ratings,0,0.0,2021
Czechia,Total,38,0.002,2021
Denmark,Officers,7341,0.856,2021
Denmark,Ratings,18818,1.818,2021
Denmark,Total,26159,1.382,2021
Djibouti,Officers,226,0.026,2021
Djibouti,Ratings,360,0.035,2021
Djibouti,Total,586,0.031,2021
Dominica,Officers,456,0.053,2021
Dominica,Ratings,712,0.069,2021
Dominica,Total,1168,0.062,2021
Dominican Republic,Officers,76,0.009,2021
Dominican Republic,Ratings,116,0.011,2021
Dominican Republic,Total,192,0.01,2021
Ecuador,Officers,2820,0.329,2021
Ecuador,Ratings,6122,0.591,2021
Ecuador,Total,8942,0.472,2021
Egypt,Officers,2549,0.297,2021
Egypt,Ratings,4472,0.432,2021
Egypt,Total,7021,0.371,2021
El Salvador,Officers,0,0.0,2021
El Salvador,Ratings,0,0.0,2021
El Salvador,Total,0,0.0,2021
Equatorial Guinea,Officers,250,0.029,2021
Equatorial Guinea,Ratings,400,0.039,2021
Equatorial Guinea,Total,650,0.034,2021
Eritrea,Officers,0,0.0,2021
Eritrea,Ratings,0,0.0,2021
Eritrea,Total,0,0.0,2021
Estonia,Officers,2553,0.298,2021
Estonia,Ratings,1945,0.188,2021
Estonia,Total,4498,0.238,2021
Ethiopia,Officers,116,0.014,2021
Ethiopia,Ratings,159,0.015,2021
Ethiopia,Total,275,0.015,2021
Fiji,Officers,436,0.051,2021
Fiji,Ratings,785,0.076,2021
Fiji,Total,1221,0.065,2021
Finland,Officers,4837,0.564,2021
Finland,Ratings,5174,0.5,2021
Finland,Total,10011,0.529,2021
France,Officers,13495,1.574,2021
France,Ratings,2419,0.234,2021
France,Total,15914,0.841,2021
"France, metropolitan",Officers,13495,1.574,2021
"France, metropolitan",Ratings,2419,0.234,2021
"France, metropolitan",Total,15914,0.841,2021
Gabon,Officers,560,0.065,2021
Gabon,Ratings,910,0.088,2021
Gabon,Total,1470,0.078,2021
Gambia,Officers,26,0.003,2021
Gambia,Ratings,51,0.005,2021
Gambia,Total,77,0.004,2021
Georgia,Officers,4422,0.516,2021
Georgia,Ratings,3749,0.362,2021
Georgia,Total,8171,0.432,2021
Germany,Officers,6990,0.815,2021
Germany,Ratings,5244,0.507,2021
Germany,Total,12234,0.646,2021
Ghana,Officers,38,0.004,2021
Ghana,Ratings,60,0.006,2021
Ghana,Total,98,0.005,2021
Greece,Officers,27074,3.157,2021
Greece,Ratings,3433,0.332,2021
Greece,Total,30507,1.612,2021
Grenada,Officers,26,0.003,2021
Grenada,Ratings,51,0.005,2021
Grenada,Total,77,0.004,2021
Guatemala,Officers,0,0.0,2021
Guatemala,Ratings,0,0.0,2021
Guatemala,Total,0,0.0,2021
Guinea,Officers,37,0.004,2021
Guinea,Ratings,52,0.005,2021
Guinea,Total,89,0.005,2021
Guinea-Bissau,Officers,83,0.01,2021
Guinea-Bissau,Ratings,113,0.011,2021
Guinea-Bissau,Total,196,0.01,2021
Guyana,Officers,713,0.083,2021
Guyana,Ratings,1047,0.101,2021
Guyana,Total,1760,0.093,2021
Haiti,Officers,42,0.005,2021
Haiti,Ratings,56,0.005,2021
Haiti,Total,98,0.005,2021
Honduras,Officers,337,0.039,2021
Honduras,Ratings,564,0.054,2021
Honduras,Total,901,0.048,2021
Hungary,Officers,40,0.005,2021
Hungary,Ratings,0,0.0,2021
Hungary,Total,40,0.002,2021
Iceland,Officers,227,0.026,2021
Iceland,Ratings,10,0.001,2021
Iceland,Total,237,0.013,2021
India,Officers,58645,6.839,2021
India,Ratings,54829,5.297,2021
India,Total,113474,5.995,2021
Indonesia,Officers,51237,5.975,2021
Indonesia,Ratings,92465,8.932,2021
Indonesia,Total,143702,7.592,2021
Iran (Islamic Republic of),Officers,7631,0.89,2021
Iran (Islamic Republic of),Ratings,10023,0.968,2021
Iran (Islamic Republic of),Total,17654,0.933,2021
Iraq,Officers,137,0.016,2021
Iraq,Ratings,230,0.022,2021
Iraq,Total,367,0.019,2021
Ireland,Officers,1242,0.145,2021
Ireland,Ratings,0,0.0,2021
Ireland,Total,1242,0.066,2021
Israel,Officers,200,0.023,2021
Israel,Ratings,346,0.033,2021
Israel,Total,546,0.029,2021
Italy,Officers,3104,0.362,2021
Italy,Ratings,497,0.048,2021
Italy,Total,3601,0.19,2021
Jamaica,Officers,304,0.035,2021
Jamaica,Ratings,513,0.05,2021
Jamaica,Total,817,0.043,2021
Japan,Officers,19119,2.23,2021
Japan,Ratings,6339,0.612,2021
Japan,Total,25458,1.345,2021
Jordan,Officers,293,0.034,2021
Jordan,Ratings,538,0.052,2021
Jordan,Total,831,0.044,2021
Kazakhstan,Officers,524,0.061,2021
Kazakhstan,Ratings,958,0.093,2021
Kazakhstan,Total,1482,0.078,2021
Kenya,Officers,19,0.002,2021
Kenya,Ratings,166,0.016,2021
Kenya,Total,185,0.01,2021
Kiribati,Officers,190,0.022,2021
Kiribati,Ratings,284,0.027,2021
Kiribati,Total,474,0.025,2021
"Korea, Dem. People's Rep. of",Officers,1651,0.193,2021
"Korea, Dem. People's Rep. of",Ratings,2251,0.217,2021
"Korea, Dem. People's Rep. of",Total,3902,0.206,2021
"Korea, Republic of",Officers,10793,1.259,2021
"Korea, Republic of",Ratings,17126,1.654,2021
"Korea, Republic of",Total,27919,1.475,2021
Kuwait,Officers,0,0.0,2021
Kuwait,Ratings,0,0.0,2021
Kuwait,Total,0,0.0,2021
Latvia,Officers,5519,0.644,2021
Latvia,Ratings,2569,0.248,2021
Latvia,Total,8088,0.427,2021
Lebanon,Officers,240,0.028,2021
Lebanon,Ratings,336,0.032,2021
Lebanon,Total,576,0.03,2021
Liberia,Officers,58,0.007,2021
Liberia,Ratings,604,0.058,2021
Liberia,Total,662,0.035,2021
Libya,Officers,355,0.041,2021
Libya,Ratings,541,0.052,2021
Libya,Total,896,0.047,2021
Lithuania,Officers,2079,0.242,2021
Lithuania,Ratings,1026,0.099,2021
Lithuania,Total,3105,0.164,2021
Luxembourg,Officers,1078,0.126,2021
Luxembourg,Ratings,1913,0.185,2021
Luxembourg,Total,2991,0.158,2021
Madagascar,Officers,194,0.023,2021
Madagascar,Ratings,282,0.027,2021
Madagascar,Total,476,0.025,2021
Malawi,Officers,0,0.0,2021
Malawi,Ratings,0,0.0,2021
Malawi,Total,0,0.0,2021
Malaysia,Officers,6313,0.736,2021
Malaysia,Ratings,28687,2.771,2021
Malaysia,Total,35000,1.849,2021
Maldives,Officers,391,0.046,2021
Maldives,Ratings,614,0.059,2021
Maldives,Total,1005,0.053,2021
Malta,Officers,148,0.017,2021
Malta,Ratings,480,0.046,2021
Malta,Total,628,0.033,2021
Marshall Islands,Officers,1,0.0,2021
Marshall Islands,Ratings,7,0.001,2021
Marshall Islands,Total,8,0.0,2021
Mauritania,Officers,37,0.004,2021
Mauritania,Ratings,52,0.005,2021
Mauritania,Total,89,0.005,2021
Mauritius,Officers,98,0.011,2021
Mauritius,Ratings,665,0.064,2021
Mauritius,Total,763,0.04,2021
Mexico,Officers,4552,0.531,2021
Mexico,Ratings,1419,0.137,2021
Mexico,Total,5971,0.315,2021
Micronesia (Federated States of),Officers,92,0.011,2021
Micronesia (Federated States of),Ratings,174,0.017,2021
Micronesia (Federated States of),Total,266,0.014,2021
"Moldova, Republic of",Officers,1042,0.122,2021
"Moldova, Republic of",Ratings,1484,0.143,2021
"Moldova, Republic of",Total,2526,0.133,2021
Monaco,Officers,0,0.0,2021
Monaco,Ratings,0,0.0,2021
Monaco,Total,0,0.0,2021
Mongolia,Officers,1628,0.19,2021
Mongolia,Ratings,2427,0.234,2021
Mongolia,Total,4055,0.214,2021
Montenegro,Officers,224,0.026,2021
Montenegro,Ratings,425,0.041,2021
Montenegro,Total,649,0.034,2021
Morocco,Officers,1069,0.125,2021
Morocco,Ratings,7012,0.677,2021
Morocco,Total,8081,0.427,2021
Mozambique,Officers,123,0.014,2021
Mozambique,Ratings,189,0.018,2021
Mozambique,Total,312,0.016,2021
Myanmar,Officers,13923,1.624,2021
Myanmar,Ratings,19367,1.871,2021
Myanmar,Total,33290,1.759,2021
Namibia,Officers,33,0.004,2021
Namibia,Ratings,56,0.005,2021
Namibia,Total,89,0.005,2021
Nauru,Officers,11,0.001,2021
Nauru,Ratings,16,0.002,2021
Nauru,Total,27,0.001,2021
Netherlands (Kingdom of the),Officers,9667,1.127,2021
Netherlands (Kingdom of the),Ratings,0,0.0,2021
Netherlands (Kingdom of the),Total,9667,0.511,2021
New Zealand,Officers,1602,0.187,2021
New Zealand,Ratings,287,0.028,2021
New Zealand,Total,1889,0.1,2021
Nicaragua,Officers,11,0.001,2021
Nicaragua,Ratings,16,0.002,2021
Nicaragua,Total,27,0.001,2021
Nigeria,Officers,8953,1.044,2021
Nigeria,Ratings,16657,1.609,2021
Nigeria,Total,25610,1.353,2021
Niue,Officers,175,0.02,2021
Niue,Ratings,259,0.025,2021
Niue,Total,434,0.023,2021
Norway,Officers,16366,1.908,2021
Norway,Ratings,6521,0.63,2021
Norway,Total,22887,1.209,2021
Oman,Officers,182,0.021,2021
Oman,Ratings,288,0.028,2021
Oman,Total,470,0.025,2021
Pakistan,Officers,2841,0.331,2021
Pakistan,Ratings,9327,0.901,2021
Pakistan,Total,12168,0.643,2021
Palau,Officers,0,0.0,2021
Palau,Ratings,0,0.0,2021
Palau,Total,0,0.0,2021
Panama,Officers,14022,1.635,2021
Panama,Ratings,11119,1.074,2021
Panama,Total,25141,1.328,2021
Papua New Guinea,Officers,482,0.056,2021
Papua New Guinea,Ratings,300,0.029,2021
Papua New Guinea,Total,782,0.041,2021
Paraguay,Officers,517,0.06,2021
Paraguay,Ratings,789,0.076,2021
Paraguay,Total,1306,0.069,2021
Peru,Officers,1113,0.13,2021
Peru,Ratings,1711,0.165,2021
Peru,Total,2824,0.149,2021
Philippines,Officers,81090,9.456,2021
Philippines,Ratings,171303,16.548,2021
Philippines,Total,252393,13.335,2021
Poland,Officers,24070,2.807,2021
Poland,Ratings,7152,0.691,2021
Poland,Total,31222,1.65,2021
Portugal,Officers,715,0.083,2021
Portugal,Ratings,523,0.051,2021
Portugal,Total,1238,0.065,2021
Qatar,Officers,902,0.105,2021
Qatar,Ratings,1689,0.163,2021
Qatar,Total,2591,0.137,2021
Romania,Officers,13149,1.533,2021
Romania,Ratings,4559,0.44,2021
Romania,Total,17708,0.936,2021
Russian Federation,Officers,71652,8.355,2021
Russian Federation,Ratings,126471,12.217,2021
Russian Federation,Total,198123,10.468,2021
Saint Kitts and Nevis,Officers,1678,0.196,2021
Saint Kitts and Nevis,Ratings,2805,0.271,2021
Saint Kitts and Nevis,Total,4483,0.237,2021
Saint Lucia,Officers,0,0.0,2021
Saint Lucia,Ratings,0,0.0,2021
Saint Lucia,Total,0,0.0,2021
Saint Vincent and the Grenadines,Officers,0,0.0,2021
Saint Vincent and the Grenadines,Ratings,0,0.0,2021
Saint Vincent and the Grenadines,Total,0,0.0,2021
Samoa,Officers,21,0.002,2021
Samoa,Ratings,28,0.003,2021
Samoa,Total,49,0.003,2021
San Marino,Officers,0,0.0,2021
San Marino,Ratings,0,0.0,2021
San Marino,Total,0,0.0,2021
Sao Tome and Principe,Officers,225,0.026,2021
Sao Tome and Principe,Ratings,332,0.032,2021
Sao Tome and Principe,Total,557,0.029,2021
Saudi Arabia,Officers,2461,0.287,2021
Saudi Arabia,Ratings,3995,0.386,2021
Saudi Arabia,Total,6456,0.341,2021
Senegal,Officers,189,0.022,2021
Senegal,Ratings,300,0.029,2021
Senegal,Total,489,0.026,2021
Serbia,Officers,16,0.002,2021
Serbia,Ratings,1,0.0,2021
Serbia,Total,17,0.001,2021
Seychelles,Officers,179,0.021,2021
Seychelles,Ratings,333,0.032,2021
Seychelles,Total,512,0.027,2021
Sierra Leone,Officers,3953,0.461,2021
Sierra Leone,Ratings,5633,0.544,2021
Sierra Leone,Total,9586,0.506,2021
Singapore,Officers,5940,0.693,2021
Singapore,Ratings,60,0.006,2021
Singapore,Total,6000,0.317,2021
Slovakia,Officers,85,0.01,2021
Slovakia,Ratings,27,0.003,2021
Slovakia,Total,112,0.006,2021
Slovenia,Officers,374,0.044,2021
Slovenia,Ratings,0,0.0,2021
Slovenia,Total,374,0.02,2021
Solomon Islands,Officers,208,0.024,2021
Solomon Islands,Ratings,1294,0.125,2021
Solomon Islands,Total,1502,0.079,2021
Somalia,Officers,0,0.0,2021
Somalia,Ratings,56,0.005,2021
Somalia,Total,56,0.003,2021
South Africa,Officers,1986,0.232,2021
South Africa,Ratings,1044,0.101,2021
South Africa,Total,3030,0.16,2021
Spain,Officers,12355,1.441,2021
Spain,Ratings,12132,1.172,2021
Spain,Total,24487,1.294,2021
Sri Lanka,Officers,2282,0.266,2021
Sri Lanka,Ratings,19511,1.885,2021
Sri Lanka,Total,21793,1.151,2021
Sudan,Officers,40,0.005,2021
Sudan,Ratings,59,0.006,2021
Sudan,Total,99,0.005,2021
Suriname,Officers,44,0.005,2021
Suriname,Ratings,62,0.006,2021
Suriname,Total,106,0.006,2021
Sweden,Officers,5922,0.691,2021
Sweden,Ratings,6605,0.638,2021
Sweden,Total,12527,0.662,2021
Switzerland,Officers,1,0.0,2021
Switzerland,Ratings,0,0.0,2021
Switzerland,Total,1,0.0,2021
"Switzerland, Liechtenstein",Officers,1,0.0,2021
"Switzerland, Liechtenstein",Ratings,0,0.0,2021
"Switzerland, Liechtenstein",Total,1,0.0,2021
Syrian Arab Republic,Officers,121,0.014,2021
Syrian Arab Republic,Ratings,202,0.02,2021
Syrian Arab Republic,Total,323,0.017,2021
"Tanzania, United Republic of",Officers,1728,0.202,2021
"Tanzania, United Republic of",Ratings,2637,0.255,2021
"Tanzania, United Republic of",Total,4365,0.231,2021
Thailand,Officers,6137,0.716,2021
Thailand,Ratings,9545,0.922,2021
Thailand,Total,15682,0.829,2021
Togo,Officers,350,0.041,2021
Togo,Ratings,478,0.046,2021
Togo,Total,828,0.044,2021
Tonga,Officers,79,0.009,2021
Tonga,Ratings,124,0.012,2021
Tonga,Total,203,0.011,2021
Trinidad and Tobago,Officers,760,0.089,2021
Trinidad and Tobago,Ratings,1545,0.149,2021
Trinidad and Tobago,Total,2305,0.122,2021
Tunisia,Officers,414,0.048,2021
Tunisia,Ratings,655,0.063,2021
Tunisia,Total,1069,0.056,2021
Turkiye,Officers,10551,1.23,2021
Turkiye,Ratings,18036,1.742,2021
Turkiye,Total,28587,1.51,2021
Turkmenistan,Officers,594,0.069,2021
Turkmenistan,Ratings,1072,0.104,2021
Turkmenistan,Total,1666,0.088,2021
Tuvalu,Officers,1226,0.143,2021
Tuvalu,Ratings,2158,0.208,2021
Tuvalu,Total,3384,0.179,2021
Uganda,Officers,0,0.0,2021
Uganda,Ratings,0,0.0,2021
Uganda,Total,0,0.0,2021
Ukraine,Officers,47059,5.488,2021
Ukraine,Ratings,29383,2.838,2021
Ukraine,Total,76442,4.039,2021
United Arab Emirates,Officers,2799,0.326,2021
United Arab Emirates,Ratings,5188,0.501,2021
United Arab Emirates,Total,7987,0.422,2021
United Kingdom,Officers,24708,2.881,2021
United Kingdom,Ratings,9035,0.873,2021
United Kingdom,Total,33743,1.783,2021
United Kingdom excl. Channel Islands and Isle of Man,Officers,24708,2.881,2021
United Kingdom excl. Channel Islands and Isle of Man,Ratings,9035,0.873,2021
United Kingdom excl. Channel Islands and Isle of Man,Total,33743,1.783,2021
United States of America,Officers,20442,2.384,2021
United States of America,Ratings,39144,3.781,2021
United States of America,Total,59586,3.148,2021
United States of America excluding Puerto Rico and United States Virgin Islands,Officers,20442,2.384,2021
United States of America excluding Puerto Rico and United States Virgin Islands,Ratings,39144,3.781,2021
United States of America excluding Puerto Rico and United States Virgin Islands,Total,59586,3.148,2021
United States of America including Puerto Rico,Officers,20442,2.384,2021
United States of America including Puerto Rico,Ratings,39144,3.781,2021
United States of America including Puerto Rico,Total,59586,3.148,2021
Uruguay,Officers,380,0.044,2021
Uruguay,Ratings,662,0.064,2021
Uruguay,Total,1042,0.055,2021
Vanuatu,Officers,266,0.031,2021
Vanuatu,Ratings,520,0.05,2021
Vanuatu,Total,786,0.042,2021
Venezuela (Bolivarian Rep. of),Officers,1372,0.16,2021
Venezuela (Bolivarian Rep. of),Ratings,3363,0.325,2021
Venezuela (Bolivarian Rep. of),Total,4735,0.25,2021
Viet Nam,Officers,13890,1.62,2021
Viet Nam,Ratings,20700,2.0,2021
Viet Nam,Total,34590,1.828,2021
World,Officers,857544,100.0,2021
World,Ratings,1035181,100.0,2021
World,Total,1892725,100.0,2021
Yemen,Officers,116,0.014,2021
Yemen,Ratings,168,0.016,2021
Yemen,Total,284,0.015,2021
Zambia,Officers,0,0.0,2021
Zambia,Ratings,0,0.0,2021
Zambia,Total,0,0.0,2021
Zimbabwe,Officers,0,0.0,2021
Zimbabwe,Ratings,0,0.0,2021
Zimbabwe,Total,0,0.0,2021
